-- MySQL dump 10.13  Distrib 8.0.27, for Win64 (x86_64)
--
-- Host: localhost    Database: groute
-- ------------------------------------------------------
-- Server version	8.0.27

drop schema if exists groute;
CREATE SCHEMA IF NOT EXISTS `groute` DEFAULT CHARACTER SET utf8 ;
USE `groute` ;

/*!40101 SET @OLD_CHARACTER_SET_CLIENT=@@CHARACTER_SET_CLIENT */;
/*!40101 SET @OLD_CHARACTER_SET_RESULTS=@@CHARACTER_SET_RESULTS */;
/*!40101 SET @OLD_COLLATION_CONNECTION=@@COLLATION_CONNECTION */;
/*!50503 SET NAMES utf8 */;
/*!40103 SET @OLD_TIME_ZONE=@@TIME_ZONE */;
/*!40103 SET TIME_ZONE='+00:00' */;
/*!40014 SET @OLD_UNIQUE_CHECKS=@@UNIQUE_CHECKS, UNIQUE_CHECKS=0 */;
/*!40014 SET @OLD_FOREIGN_KEY_CHECKS=@@FOREIGN_KEY_CHECKS, FOREIGN_KEY_CHECKS=0 */;
/*!40101 SET @OLD_SQL_MODE=@@SQL_MODE, SQL_MODE='NO_AUTO_VALUE_ON_ZERO' */;
/*!40111 SET @OLD_SQL_NOTES=@@SQL_NOTES, SQL_NOTES=0 */;

--
-- Table structure for table `account`
--

DROP TABLE IF EXISTS `account`;
/*!40101 SET @saved_cs_client     = @@character_set_client */;
/*!50503 SET character_set_client = utf8mb4 */;
CREATE TABLE `account` (
  `id` int NOT NULL AUTO_INCREMENT,
  `spentMoney` int NOT NULL,
  `description` varchar(100) DEFAULT NULL COMMENT '결제 내역',
  `userplan_id` int NOT NULL,
  `type` varchar(45) DEFAULT NULL,
  `day` int DEFAULT NULL,
  `category_id` int NOT NULL,
  PRIMARY KEY (`id`),
  KEY `fk_account_userplan1_idx` (`userplan_id`),
  KEY `fk_account_accountcategory1_idx` (`category_id`),
  CONSTRAINT `fk_account_accountcategory1` FOREIGN KEY (`category_id`) REFERENCES `accountcategory` (`id`),
  CONSTRAINT `fk_account_userplan1` FOREIGN KEY (`userplan_id`) REFERENCES `userplan` (`id`)
) ENGINE=InnoDB AUTO_INCREMENT=3 DEFAULT CHARSET=utf8mb3;
/*!40101 SET character_set_client = @saved_cs_client */;

--
-- Dumping data for table `account`
--

LOCK TABLES `account` WRITE;
/*!40000 ALTER TABLE `account` DISABLE KEYS */;
/*!40000 ALTER TABLE `account` ENABLE KEYS */;
UNLOCK TABLES;

--
-- Table structure for table `accountcategory`
--

DROP TABLE IF EXISTS `accountcategory`;
/*!40101 SET @saved_cs_client     = @@character_set_client */;
/*!50503 SET character_set_client = utf8mb4 */;
CREATE TABLE `accountcategory` (
  `id` int NOT NULL AUTO_INCREMENT,
  `name` varchar(45) NOT NULL,
  `img` varchar(255) DEFAULT NULL,
  PRIMARY KEY (`id`)
) ENGINE=InnoDB AUTO_INCREMENT=9 DEFAULT CHARSET=utf8mb3;
/*!40101 SET character_set_client = @saved_cs_client */;

--
-- Dumping data for table `accountcategory`
--

LOCK TABLES `accountcategory` WRITE;
/*!40000 ALTER TABLE `accountcategory` DISABLE KEYS */;
INSERT INTO `accountcategory` VALUES (1,'카페','account/coffee.png'),(2,'식당','account/restaurant.png'),(3,'쇼핑','account/shopping.png'),(4,'항공','account/airplane.png'),(5,'교통','account/bus.png'),(6,'관광','account/tour.png'),(7,'숙소','account/house.png'),(8,'기타','account/etc.png');
/*!40000 ALTER TABLE `accountcategory` ENABLE KEYS */;
UNLOCK TABLES;

--
-- Table structure for table `area`
--

DROP TABLE IF EXISTS `area`;
/*!40101 SET @saved_cs_client     = @@character_set_client */;
/*!50503 SET character_set_client = utf8mb4 */;
CREATE TABLE `area` (
  `id` int NOT NULL AUTO_INCREMENT,
  `name` varchar(50) NOT NULL,
  `img` varchar(255) DEFAULT NULL,
  `lat` varchar(20) NOT NULL,
  `lng` varchar(20) NOT NULL,
  PRIMARY KEY (`id`)
) ENGINE=InnoDB AUTO_INCREMENT=11 DEFAULT CHARSET=utf8mb3;
/*!40101 SET character_set_client = @saved_cs_client */;

--
-- Dumping data for table `area`
--

LOCK TABLES `area` WRITE;
/*!40000 ALTER TABLE `area` DISABLE KEYS */;
INSERT INTO `area` VALUES (1,'제주도','jeju.png','33.390375','126.481075'),(2,'부산','busan.png','1','1'),(3,'충북','chungbuk.png','1','1'),(4,'대구','daegu.png','1','1'),(5,'인천','incheon.png','1','1'),(6,'전주','jeonju.png','1','11'),(7,'강원','kangwondo.png','1','1'),(8,'경주','keungju.png','1','1'),(9,'여수','yeosu.png','1','1'),(10,'경기','keongkido.png','1','1');
/*!40000 ALTER TABLE `area` ENABLE KEYS */;
UNLOCK TABLES;

--
-- Table structure for table `board`
--

DROP TABLE IF EXISTS `board`;
/*!40101 SET @saved_cs_client     = @@character_set_client */;
/*!50503 SET character_set_client = utf8mb4 */;
CREATE TABLE `board` (
  `id` int NOT NULL AUTO_INCREMENT,
  `type` varchar(20) NOT NULL,
  PRIMARY KEY (`id`)
) ENGINE=InnoDB AUTO_INCREMENT=3 DEFAULT CHARSET=utf8mb3;
/*!40101 SET character_set_client = @saved_cs_client */;

--
-- Dumping data for table `board`
--

LOCK TABLES `board` WRITE;
/*!40000 ALTER TABLE `board` DISABLE KEYS */;
INSERT INTO `board` VALUES (1,'자유'),(2,'질문');
/*!40000 ALTER TABLE `board` ENABLE KEYS */;
UNLOCK TABLES;

--
-- Table structure for table `boarddetail`
--

DROP TABLE IF EXISTS `boarddetail`;
/*!40101 SET @saved_cs_client     = @@character_set_client */;
/*!50503 SET character_set_client = utf8mb4 */;
CREATE TABLE `boarddetail` (
  `id` int NOT NULL AUTO_INCREMENT,
  `title` varchar(50) NOT NULL,
  `content` text NOT NULL,
  `img` varchar(255) DEFAULT NULL,
  `create_date` timestamp NOT NULL DEFAULT CURRENT_TIMESTAMP,
  `update_date` timestamp NOT NULL DEFAULT CURRENT_TIMESTAMP,
  `heartCnt` int DEFAULT '0',
  `hitCnt` int DEFAULT '0',
  `board_id` int NOT NULL,
  `user_id` varchar(100) NOT NULL,
  `place_id` int DEFAULT NULL,
  `commentCnt` int DEFAULT '0',
  PRIMARY KEY (`id`),
  KEY `fk_boardDetail_board1_idx` (`board_id`),
  KEY `fk_boardDetail_user1_idx` (`user_id`),
  KEY `fk_boardDetail_place1_idx` (`place_id`),
  CONSTRAINT `fk_boardDetail_board1` FOREIGN KEY (`board_id`) REFERENCES `board` (`id`),
  CONSTRAINT `fk_boardDetail_place1` FOREIGN KEY (`place_id`) REFERENCES `place` (`id`),
  CONSTRAINT `fk_boardDetail_user1` FOREIGN KEY (`user_id`) REFERENCES `user` (`id`)
) ENGINE=InnoDB DEFAULT CHARSET=utf8mb3;
/*!40101 SET character_set_client = @saved_cs_client */;

--
-- Dumping data for table `boarddetail`
--

LOCK TABLES `boarddetail` WRITE;
/*!40000 ALTER TABLE `boarddetail` DISABLE KEYS */;
/*!40000 ALTER TABLE `boarddetail` ENABLE KEYS */;
UNLOCK TABLES;

--
-- Table structure for table `boarddetaillike`
--

DROP TABLE IF EXISTS `boarddetaillike`;
/*!40101 SET @saved_cs_client     = @@character_set_client */;
/*!50503 SET character_set_client = utf8mb4 */;
CREATE TABLE `boarddetaillike` (
  `id` int NOT NULL AUTO_INCREMENT,
  `boardDetail_id` int NOT NULL,
  `user_id` varchar(100) NOT NULL,
  PRIMARY KEY (`id`),
  KEY `fk_boarddetail_boarddetaillike_idx` (`boardDetail_id`),
  KEY `fk_user_boarddetaillike_idx` (`user_id`),
  CONSTRAINT `fk_boarddetail_boarddetaillike` FOREIGN KEY (`boardDetail_id`) REFERENCES `boarddetail` (`id`),
  CONSTRAINT `fk_user_boarddetaillike` FOREIGN KEY (`user_id`) REFERENCES `user` (`id`)
) ENGINE=InnoDB DEFAULT CHARSET=utf8mb3;
/*!40101 SET character_set_client = @saved_cs_client */;

--
-- Dumping data for table `boarddetaillike`
--

LOCK TABLES `boarddetaillike` WRITE;
/*!40000 ALTER TABLE `boarddetaillike` DISABLE KEYS */;
/*!40000 ALTER TABLE `boarddetaillike` ENABLE KEYS */;
UNLOCK TABLES;

--
-- Table structure for table `comment`
--

DROP TABLE IF EXISTS `comment`;
/*!40101 SET @saved_cs_client     = @@character_set_client */;
/*!50503 SET character_set_client = utf8mb4 */;
CREATE TABLE `comment` (
  `id` int NOT NULL AUTO_INCREMENT,
  `content` varchar(255) NOT NULL,
  `level` int NOT NULL,
  `groupNum` int NOT NULL,
  `order` int NOT NULL,
  `boardDetail_id` int NOT NULL,
  `user_id` varchar(100) NOT NULL,
  PRIMARY KEY (`id`),
  KEY `fk_comment_boardDetail1_idx` (`boardDetail_id`),
  KEY `fk_comment_user1_idx` (`user_id`),
  CONSTRAINT `fk_comment_boardDetail1` FOREIGN KEY (`boardDetail_id`) REFERENCES `boarddetail` (`id`),
  CONSTRAINT `fk_comment_user1` FOREIGN KEY (`user_id`) REFERENCES `user` (`id`)
) ENGINE=InnoDB DEFAULT CHARSET=utf8mb3;
/*!40101 SET character_set_client = @saved_cs_client */;

--
-- Dumping data for table `comment`
--

LOCK TABLES `comment` WRITE;
/*!40000 ALTER TABLE `comment` DISABLE KEYS */;
/*!40000 ALTER TABLE `comment` ENABLE KEYS */;
UNLOCK TABLES;

--
-- Table structure for table `notification`
--

DROP TABLE IF EXISTS `notification`;
/*!40101 SET @saved_cs_client     = @@character_set_client */;
/*!50503 SET character_set_client = utf8mb4 */;
CREATE TABLE `notification` (
  `id` int NOT NULL AUTO_INCREMENT,
  `user_id` varchar(100) NOT NULL,
  `category` varchar(20) NOT NULL,
  `content` varchar(200) NOT NULL,
  `date` timestamp NOT NULL,
  PRIMARY KEY (`id`),
  KEY `fk_user_notification_idx` (`user_id`),
  CONSTRAINT `fk_user_notification` FOREIGN KEY (`user_id`) REFERENCES `user` (`id`)
) ENGINE=InnoDB DEFAULT CHARSET=utf8mb3;
/*!40101 SET character_set_client = @saved_cs_client */;

--
-- Dumping data for table `notification`
--

LOCK TABLES `notification` WRITE;
/*!40000 ALTER TABLE `notification` DISABLE KEYS */;
/*!40000 ALTER TABLE `notification` ENABLE KEYS */;
UNLOCK TABLES;

--
-- Table structure for table `place`
--

DROP TABLE IF EXISTS `place`;
/*!40101 SET @saved_cs_client     = @@character_set_client */;
/*!50503 SET character_set_client = utf8mb4 */;
CREATE TABLE `place` (
  `id` int NOT NULL AUTO_INCREMENT,
  `name` varchar(255) NOT NULL,
  `type` varchar(100) NOT NULL,
  `lat` varchar(20) NOT NULL,
  `lng` varchar(20) NOT NULL,
  `zipCode` varchar(7) NOT NULL,
  `contact` varchar(100) DEFAULT NULL,
  `address` varchar(255) NOT NULL,
  `description` text NOT NULL,
  `theme_id` int NOT NULL,
  `area_id` int NOT NULL,
  `img` varchar(255) DEFAULT NULL,
  `user_id` varchar(100) NOT NULL COMMENT 'user_id에는 admin 또는 place를 등록한 user의 아이디\\n동진님 - plan이 public이 될 때, 검토 후에  userplace가 place로 등록이 될 수 있도록(user_id -> admin)\\n',
  `rate` double DEFAULT '0',
  `heartCnt` int DEFAULT NULL,
  PRIMARY KEY (`id`),
  KEY `fk_theme_place_idx` (`theme_id`),
  KEY `fk_area_place_idx` (`area_id`),
  KEY `fk_user_place_idx` (`user_id`),
  CONSTRAINT `fk_area_place` FOREIGN KEY (`area_id`) REFERENCES `area` (`id`),
  CONSTRAINT `fk_theme_place` FOREIGN KEY (`theme_id`) REFERENCES `theme` (`id`),
  CONSTRAINT `fk_user_place` FOREIGN KEY (`user_id`) REFERENCES `user` (`id`)
) ENGINE=InnoDB AUTO_INCREMENT=282 DEFAULT CHARSET=utf8mb3;
/*!40101 SET character_set_client = @saved_cs_client */;

--
-- Dumping data for table `place`
--

LOCK TABLES `place` WRITE;
/*!40000 ALTER TABLE `place` DISABLE KEYS */;
INSERT INTO `place` VALUES (1,'도라지식당','음식점','33.4927114054','126.5059498300','63145','064-722-3142','제주특별자치도 제주시 연삼로 128			','제주토속음식 전문점으로 제주가 아니면 맛볼 수 없는 갈치 호박국, 싱싱한 생선에 미역을 곁들인 옥돔국과 갈치구이, 옥돔구이가 일품이다. 여름철엔 물회역시 일품이다. 30여 년을 함께 한 시청 도라지식당은 더 넓은 주차공간과 좋은 시설, 지리적 조건 등을 고려해 공항근처로 확장 이전하여 운영하고 있다.',2,1,'/음식점/도라지식당.jpg','admin',NULL,NULL),(2,'돌하르방','음식점','33.3902018773','126.2397419496','63011','064-796-0001','제주특별자치도 제주시 한림읍 한림로 300			','한림공원 재암민속마을 내 초가 건물을 이용한 제주 전통 민속풍의 식당으로써 제주 전통의 담백한 음식을 전문으로 하는 150석의 대형 음식점이다. 제주 토종돼지 숯불구이, 싱싱한 제주 해산물을 넣어 부친 해물 녹두전, 국물이 시원하고 영양가 높은 성게국, 조와 누룩으로 빚은 제주 전통 민속주인 좁쌀주 등이 유명하다. 또한 계절 별미로써 여름철에는 시원한 허브 냉면과 냉수박, 겨울철에는 담백한 꿩고기와 그 국물을 맛볼 수 있는 꿩 메밀칼국수, 제주 토속 음식인 꿩빙떡 등의 메뉴가 준비되어 있다.',2,1,'/음식점/돌하르방.jpg','admin',NULL,NULL),(3,'제주뚝배기','음식점','33.4611967513','126.9330912603','63643','064-782-1089','제주특별자치도 서귀포시 성산읍 일출로 255			','성산일출봉으로 진입하는 일방통행 길 초입에 성산리 일대에서 제일 먼저 생긴 맛집이 제주뚝배기 식당이다. 시끌벅적한 소음이 기분 좋게 들리는 이 식당의 메인 메뉴는 바로 해물뚝배기다. 오분자기, 새우, 게, 소라 등 갖은 싱싱한 해물로 맛을 낸 뚝배기 국물은 오래된 전통의 맛을 담고 있다. 주로 간단한 식사 메뉴가 주를 이루는데 뚝배기 외에 갈치와 고등어조림과 부드럽고 담백한 전복죽도 많이 찾는 메뉴다.',2,1,'/음식점/제주뚝배기.jpg','admin',NULL,NULL),(4,'성산해오름식당','음식점','33.4643630428','126.9315329889','63643','064-782-2256','제주특별자치도 서귀포시 성산읍 일출로 260			','성산해오름식당은 성산일출봉 입구에 위치하여 찾기 쉽고 여유롭게 제주의 특별한 맛을 음미할 수 있는 곳으로 여행객들이 많이 찾는 맛집이다.',2,1,'/음식점/성산해오름식당.jpg','admin',NULL,NULL),(5,'삼성혈해물탕','음식점','33.4912225503','126.4977255785','63122','064-745-3000','제주특별자치도 제주시 선덕로5길 20			','제주도청 뒤편에 자리 잡고 있는 삼성혈해물탕은 싱싱하고, 다양한 해물을 재료로 한 푸짐한 해물탕이 인기이다.',2,1,'/음식점/삼성혈해물탕.jpg','admin',NULL,NULL),(6,'삼대국수회관','음식점','33.5068657788','126.5301029645','63269','064-759-6644','제주특별자치도 제주시 삼성로 41			','삼대국수회관은 고기국수라는 제주도 만의 특별한 국수를 비롯해서 여름의 별미인 콩국수와 열무국수 등 국수의 여러 가지 맛을 느낄 수 있는 곳이다. 당일 준비한 밀가루 반죽으로 직접 국수를 만들고, 당일에 들여온 신선한 고기만을 사용하여 최고의 국수맛을 볼수 있는 곳이다. 시원한 국물은 비리지 않고 담백하며, 듬뿍 들어 있는 고기는 하루 종일 배를 든든하게 한다. 또한, 돔베고기라고 하는 수육은 부드러운 제주 돼지의 육질을 그대로 맛볼 수 있어, 반주와 함께 하면 더욱 좋다.',2,1,'/음식점/삼대국수회관.jpg','admin',NULL,NULL),(7,'돔베돈','음식점','33.5155647604','126.5266586225','63277','064-753-0008','제주특별자치도 제주시 관덕로15길 25			','예로부터 제주 도민들이 즐겨 먹는 삶은 돼지고기 요리인 ‘돔베고기’는 도마 위에 바로 썬 삶은 돼지고기라는 제주도 말이다. 기름기가 쫙 빠져서 담백한 맛이 일품인 돔베고기는 다이어트에도 좋아 미용에 관심이 많은 젊은 여성들이 더 좋아한다. 제주시 탑동 스위스호텔 뒷편 삼겹살 골목에 이 돔베고기를 전문으로 하는 음식점인 ‘돔베돈’이 있다. 제주도에서 가장 유명한 고기는 뭐니 뭐니 해도 돼지고기인데 일반 도심의 식당들처럼 그냥 구워 먹는 것이 아니라 제주도 전통 방식으로 요리를 하는 것이기에 쉽게 접할 수 있는 음식이 아니다. 돔베고기 외에도 흑돼지구이, 돌솥밥 등도 맛이 좋다.',2,1,'/음식점/돔베돈.jpg','admin',NULL,NULL),(8,'삼다정','음식점','33.4850425335','126.4885904017','63132','064-710-8231','제주특별자치도 제주시 노연로 80			','제주 도내 특급 호텔 최초로 Live Kitchen 콘셉트를 도입한 뷔페 레스토랑이다.',2,1,'/음식점/삼다정.jpg','admin',NULL,NULL),(9,'옛날옛적','음식점','33.4144013834','126.8999785392','63633','064-784-2252','제주특별자치도 서귀포시 성산읍 일주동로 4660			','제주도 지역의 음식을 맛볼 수 있는 곳이다. 대표메뉴는 쌈밥으로 제주특별자치도 서귀포시에 있는 한식 전문점이다.',2,1,'/음식점/옛날옛적.jpg','admin',NULL,NULL),(10,'큰갯물횟집','음식점','33.2394161069','126.4382280753','63544','064-738-1625','제주특별자치도 서귀포시 대포로 161			','서귀포에서 중문 방면으로 한적한 바닷가를 끼고 가다 보면 대포항회타운이 나타나며, 이중 2층 양옥과 넓은 주차공간, 탁트인 바다경관을 자랑하는 회전문식당이 큰갯물횟집이다.',2,1,'/음식점/큰갯물횟집.jpg','admin',NULL,NULL),(11,'야자수식당','음식점','33.3902546488','126.2397002855','63011','064-796-0001','제주특별자치도 제주시 한림읍 한림로 300			','비양도가 바라다 보이는 협재 해수욕장 옆에 있는 유명한 관광지인 한림공원내에 위치한 야자수 식당은 제주도의 특산인 오분자기 뚝배기, 갈치구이와 함께 제주도의 다른 이름인 삼다도에서 이름을 딴 삼다 비빔밥이 별미인 식당이다. 삼다 비빔밥은 오로지 제주도 내 애월읍과 한림읍에서 재배된 야채와 한림공원 내에서 직접 길러낸 야채를 재료로 사용하기에 더욱 신선함을 느낄 수 있다. 해물뚝배기에는 제주 특산 오분자기가 빠지지 않으며 소라 등 해물도 곁들여져 있으며 무엇보다 집된장 맛이 그대로 살아있는 국물이 해물과 조화되어 일품이다. 야자수 식당은 한림공원 내에 위치하고 있고 주위에 협재 해수욕장, 비양도, 한림공원을 관광하면서 쉽게 식사를 할 수 있어 편리하다.',2,1,'/음식점/야자수식당.jpg','admin',NULL,NULL),(12,'제주미향','음식점','33.2551612466','126.4163601758','63534','064-738-8588','제주특별자치도 서귀포시 천제연로 99			','제주 중문 관광단지에 위치한 제주미향은 활어회와 갈치, 고등어 요리를 주로 하며 조림이 유명한 집이다. 이곳은 푸른 바다, 여미지 식물원, 선녀다리가 한눈에 내려다보이는 곳에 위치하고 있다.',2,1,'/음식점/제주미향.jpg','admin',NULL,NULL),(13,'초원흑돼지','음식점','33.5396505506','126.6732536664','63333','064-783-8527','제주특별자치도 제주시 조천읍 신북로 598			','제주도 제주시 조천읍 함덕리에 위치한 초원식당은 조약돌 위에 흑돼지 삼겹살과 갈비를 구워 먹는데, 담백함과 쫄깃한 맛이 일품이다.1년동안 숙성시킨 깻잎지에 고기를 싸먹으면 그 맛이 특별하여 다시 찾아오는 손님이 많아 단골고객이 늘었다. 꿩샤브샤브 요리도 별미이며, 쌈에 이용되는 모든 야채를 텃밭에서 유기농으로 재배하여 손님들이 안심하고 먹을 수 있도록 하고 있다.',2,1,'/음식점/초원흑돼지.jpg','admin',NULL,NULL),(14,'공천포식당','음식점','33.2664191430','126.6425958686','63612','064-767-2425','제주특별자치도 서귀포시 남원읍 공천포로 89			','공천포식당은 잔잔하고 검은 모래가 있는 서귀포의 공천 포구 인근에 자리 잡은 한식당이다. 된장과 고춧가루를 넣어 맛을 낸 시원한 육수에 깻잎과 김 가루로 감칠맛을 더한 물회가 유명하다. 해삼, 한치, 소라 중 원하는 재료를 골라 주문하면 커다란 대접에 시원한 물회와 정갈한 밑반찬, 밥 한 공기가 함께 나와 푸짐한 한 상이 차려진다. 이외에도 고등어구이와 전복죽 등 제주 특산요리가 맛이 훌륭해 현지인들은 물론 관광객들에게도 맛집으로 입소문이 난 곳이다.',2,1,'/음식점/공천포식당.jpg','admin',NULL,NULL),(15,'버드나무집','음식점','33.5413197163','126.6673958034','63333','064-782-9992','제주특별자치도 제주시 조천읍 신북로 540			','함덕해수욕장 근처에 있는 버드나무집은 손칼국수로 유명한 맛집이다. 메뉴는 해물손칼국수, 매생이손칼국수, 들깨칼국수가 있으며, 한 테이블당 한 메뉴로 통일하여 주문을 받고 있다. 이곳의 특징은 손으로 반죽한 얇고 넓은 칼국수 면과 싱싱한 해물로 우려낸 육수다. 시원하고 깔끔한 국물 덕분에 해장하기 위해 찾아오는 단골들이 많다. 청양고추가 들어간 다진 양념으로 맵기도 조절할 수 있어 얼큰하게 즐기고 싶다면 요청하면 된다. 브레이크 타임은 3시부터 5시다.',2,1,'/음식점/버드나무집.jpg','admin',NULL,NULL),(16,'송당나무','음식점','33.4769510167','126.7890922698','63355','010-9364-2819','제주특별자치도 제주시 구좌읍 송당5길 68-140			','제주시 송당리에 위치한 송당나무는 꽃과 식물이 가득한 가드닝 센터다. 강수량이 많은 송당리는 식물이 자라기 좋은 환경으로 귤 농사 대신 조경수 재배를 가장 많이 하는 동네로 알려져 있다. 허브, 야자나무, 선인장 등 온갖 식물이 가득한 온실 내부에서 에이드, 커피 등 차 한 잔을 즐기며 여유를 느낄 수 있다. 비정기적으로 가드닝 수업을 진행하며 인스타그램에서 확인할 수 있다.',2,1,'/음식점/송당나무.jpg','admin',NULL,NULL),(17,'랜딩 라운지','음식점','33.3049513971','126.3164038528','63522','064-908-2400','제주특별자치도 서귀포시 안덕면 신화역사로304번길 38			','랜딩관 제주신화월드 로비 옆에 위치한 음악과 피아노 선율을 감상할 수 있는 라운지이다. 피아노 연주를 들으며 칵테일을 음미하는 여유, 제주신화월드 랜딩 리조트관 지하 1층에 위치한 랜딩 라운지에서는 부드러운 피아노 선율과 라이브 음악이 울린다. 오픈된 원형 구조의 카페바에서 음료나 디저트, 핑거푸드와 스낵류를 주문하면 널찍한 라운지에서 드실 수 있다. 가족과 휴식을 취할 때도 편하게 이용 가능하다. 비즈니스, 친교 등 다양한 목적의 만남을 가지거나 음악을 들으며 휴식을 취하기에 좋다.',2,1,'/음식점/랜딩 라운지.jpg','admin',NULL,NULL),(18,'시골가마솥 돗궤기','음식점','33.2825991631','126.7209248299','63621','064-764-7798','제주특별자치도 서귀포시 남원읍 남조로 32			','제주도 서귀포시 남원읍에 위치한 시골가마솥 돗궤기는 제주 청정 무항생 흑돼지구이와 맛있는 백하수오해물탕, 해물 전복뚝배기를 판매한다. 넓은 주차장이 있어 편리하게 이용할 수 있다.',2,1,'/음식점/시골가마솥 돗궤기.jpg','admin',NULL,NULL),(19,'쉬는팡가든','음식점','33.2668096189','126.3947034614','63534','064-738-5833','제주특별자치도 서귀포시 상예로 244(상예동)','쉬는팡가든은 제주도 서귀포에 있는 흑돼지 전문점이다. 신선한 재료와 저렴한 가격으로 흑돼지 오겹살을 맛볼 수 있으며, 깔끔한 인테리어와 넓은 주차장으로 보다 편안하게 식사를 즐길 수 있는 곳이다.',2,1,'/음식점/쉬는팡가든.jpg','admin',NULL,NULL),(20,'백기해녀의집','음식점','33.4499422661','126.9223924466','63641','064-782-0673','제주특별자치도 서귀포시 성산읍 일출로 88-19			','백기해녀의집은 광치기해변 인근에 있는 해산물을 전문으로 하는 음식점이다. 섭지코지에서 성산일출봉 가는 길가에 위치하고 있으며 성게, 해삼 등 해산물과 성게해삼물회, 성게칼국수 등 식사류를 제공한다.',2,1,'/음식점/백기해녀의집.jpg','admin',NULL,NULL),(21,'삼보가든','음식점','33.4367342104','126.6765362872','63346','064-784-8181','제주특별자치도 제주시 조천읍 비자림로 653			','삼복가든은 제주 미니랜드 인근에 위치한 한식 전문 음식점이다. 백숙, 볶음탕, 김치찌개, 된장찌개, 뼈다귀해장국, 정식 등 다양한 한식메뉴를 제공하며, 아침식사도 가능하다. ',2,1,'/음식점/삼보가든.jpg','admin',NULL,NULL),(22,'한림칼국수 제주본점','음식점','33.4155882987','126.2615228216','63032','070-8900-3339','제주특별자치도 제주시 한림읍 한림해안로 141			','한림칼국수 제주 본점은 협재 해수욕장 인근에 있는 칼국수 전문점으로, 오랜 세월 한자리를 지켜오며 많은 단골을 만든 전통 맛집이다. 푸짐하고 가성비가 좋으며 아침 식사도 가능해서 아침부터 많은 손님이 찾는다. 메뉴는 4가지로, 보말 칼국수, 닭칼국수 영양보말죽, 매생이 보말전 등이 있다. 대표 메뉴인 보말 칼국수는 매생이가 들어간 덕에 걸쭉하며, 국물이 가볍지 않아 한 그릇만 먹어도 포만감이 느껴진다. 취향에 따라 청양고추를 넣어 먹어도 좋다.',2,1,'/음식점/한림칼국수 제주본점.jpg','admin',NULL,NULL),(23,'닐모리동동','음식점','33.5177555652','126.4877952847','63114','064-745-5008','제주특별자치도 제주시 서해안로 452			','문화카페 닐모리동동은 (주)NXCL의 제주지역 문화 공헌 프로젝트로서 제주를 담은 인테리어와 식음, 각양각색의 문화행사로 제주 문화 다양성에 기여하고자 한다. 닐모리동동의 수익금은 제주 지역 내 문화 다양성 지원 기금으로 전액 사용된다. 닐모리동동의 천장은 오름, 조명은 해녀들이 사용하던 테왁, 오픈키친은 초가와 돌담을 형상화하여 인테리어 하였고, 곳곳에서는 제주 사투리를 발견할 수도 있다. 또한, 제주 지역의 음식재료로 만든, 혹은 제주를 표현한 음식, 디저트, 음료 등을 판매하고 있다. 제주를 현대적으로 표현한 닐모리동동에서는 여러가지 문화행사도 진행되고 있다.',2,1,'/음식점/닐모리동동.jpg','admin',NULL,NULL),(24,'목스키친','음식점','33.3065391943','126.7837299601','63626','010-3157-0828','제주특별자치도 서귀포시 표선면 일주동로6455번길 21			','제주 서귀포시 표선에 있는 목스키친은 제주 감성이 가득 묻어있는 퓨전 양식 맛집이다. 핑크빛 외관이 눈에 띄어 찾기 쉬우며 테라스가 있어 날이 좋을 때 표선 앞바다를 보며 식사하기 좋은 곳이다. 실내에 들어서면 아기자기한 소품들로 꾸며놓은 포토존도 있다. 목스키친의 메뉴는 제주 닮은 리조또, 제주 많은 필라프, 그대와 제주 라멘으로 모두 제주산 해산물이 들어간다. 황게, 전복, 딱새우 등이 올라간 리조또는 수제 로제 소스로 만들어 해산물을 안 좋아하는 사람도 부담 없이 즐길 수 있다. 테이블에서 치즈를 직접 그레이터로 갈아 주어 재미를 더한다.',2,1,'/음식점/목스키친.jpg','admin',NULL,NULL),(25,'[백년가게]향원복집','음식점','33.2411790255','126.5648726139','63596','064-762-2341','제주특별자치도 서귀포시 부두로 43			','제주 대표 복요리 전문점으로 1966년 개업 후 아들이 대를 이어 52년간 운영중이다. 매일 한림항에 들어오는 참복만을 이용해 요리한다. 복지리, 복 불고기 등 다양한 복요리를 즐길 수 있다. 제주에서만 맛볼 수 있는 참복 사시미를 대표 메뉴로 영업중에 있다.',2,1,'/음식점/[백년가게]향원복집.jpg','admin',NULL,NULL),(26,'선흘곶','음식점','33.5082297468','126.7179949446','63340','064-783-5753','제주특별자치도 제주시 조천읍 동백로 102			','선흘곶은 제주시 조천읍에 있는 한식집이다. 입구를 들어서면 주인장의 손길이 닿은 정겨운 느낌의 내부와 오밀조밀하게 꾸며놓은 넓은 정원이 손님들을 반긴다. 제주에서 나는 식자재로 만든 건강한 쌈밥이 이 집의 주력 메뉴다. 반찬이 풍성하게 차려지고 부드럽고 야들야들한 돔베고기와 고등어구이, 그리고 쌈 채소가 나온다. 쌈에 고등어와 돔베고기를 올리고, 양념과 함께 싸서 먹으면 건강한 한 끼 식사를 즐길 수 있다. 매주 화요일은 휴무이며, 넓은 주차장이 있다.',2,1,'/음식점/선흘곶.jpg','admin',NULL,NULL),(27,'새둥지','음식점','33.5006748230','126.5317362966','63208','064-753-4868','제주특별자치도 제주시 동광로4길 11			','[제주시 이도이동에 위치한 한식 전문점 새둥지] 새둥지는 제주시청 인근에 있는 한식 전문 음식점이다. 새둥지에서는 한치물회, 자리물회가 유명하다.',2,1,'/음식점/새둥지.jpg','admin',NULL,NULL),(28,'성미가든','음식점','33.4375757895','126.6768806820','63346','064-783-7092','제주특별자치도 제주시 조천읍 교래1길 2			','[제주시 조천읍 교래리에 위치한 토종닭백숙 전문점 성미가든]성미가든은 제주 조천읍 고래리에 위치한 토종닭백숙 전문점이다. 메뉴로는 샤브샤브, 닭볶음탕 두가지 메뉴가 있으며, 샤브샤브 메뉴의 경우에는 샤브샤브, 백숙, 녹두죽이 코스로 제공된다. 성미가든에서는 기본적으로 샤브샤브 메뉴가 주문이 들어가기 때문에 닭볶음탕을 주문하고자 하는 경우 반드시 이야기 해야 한다.',2,1,'/음식점/성미가든.jpg','admin',NULL,NULL),(29,'춘미향','음식점','33.2315564087','126.2961655744','63528','064-794-5558','제주특별자치도 서귀포시 안덕면 산방로 382			','서귀포에 있는 춘미향은 도민들에게 인정받은 맛집으로 알려져 있다. 제주도를 방문하는 여행객들에게 소문이 나 춘미향을 한 번도 안 와본 사람은 있어도 한 번만 오는 사람이 없다 할 정도로 맛과 가격 면에서 칭찬하는 후기들을 많이 볼 수 있다. 온 가족이 함께 운영하는 곳으로 어머니는 밑반찬을, 아버지는 낚시를, 형제는 맛깔난 요리들을 내온다. 산지에서 얻은 신선한 재료와 제철 식재료를 이용하여 맛과 건강을 챙길 수 있는 곳이다. 이곳의 대표 메뉴는 돈목살 100g, 보말 미역국, 옥돔, 딱새우, 밑반찬이 나오는 춘미향 정식이다. 그 외 단품으로 생선구이, 찜, 조림, 근고기, 두루치기 등 다양한 메뉴가 있어 선택의 폭이 넓다. 주차 공간이 따로 마련되어 있지 않고 가게 앞 몇 자리뿐이라 사람이 많을 때는 주차가 어려울 수 있다.',2,1,'/음식점/춘미향.jpg','admin',NULL,NULL),(30,'하멜상선전시관','문화시설','33.2334120350','126.3137501186','63528','','제주특별자치도 서귀포시 안덕면 사계남로216번길 24-30(안덕면)','네덜란드 호르콤시에서 출생한 헨드릭하멜은 동인도회사 선원으로 상선인 스페르웨르호를 타고 일본으로 가던 중 1653년 8월 16일 일행 36명과 함께 제주 핸안에 표착하였다. 그 후 13년간의 조선에서의 생활을 자세히 소개한 보고서 형태의 \'하멜표류기\'로 우리나라를 서방세계에 최초로 알리게 되었다. 네덜란드 동인도회사 소속으로 하멜일행을 태우고 일본 나가사끼로 향해하다 난파된 스페르웨르호는 1648년에 암스테르담에서 건조된 3층 갑판의 범선으로 수송과 연락의 역할을 위한 것으로 알려져 있다. 스페르웨르호는 대양향해용 범선인 바타비아호를 모델로 재현한 것이다. ',6,1,'/문화시설/하멜상선전시관.jpg','admin',NULL,NULL),(31,'건강과 성 박물관(제주)','문화시설','33.2549657152','126.3459024043','63531','','제주특별자치도 서귀포시 안덕면 일주서로 1611			','서귀포 산방산과 중문 관광단지 사이에 있는 건강과성박물관은 7000㎡ 크기의 실내 전시공간과 야외 조각공원이 합쳐진, 성을 테마로 한 공간으로는 명실상부 세계 최대의 성박물관이다. 어둡고 숨기는 것에 익숙한 성을 밝고 건강하게 보고 느낄 수 있도록, 다양한 전시구성을 한 것이 특징이다. 야외에 있던 조각공원, 내부의 성교육전시관, 성문화 전시관으로 양분화 되었던 공간이 2층 전시공간을 확장하면서 현재 S-Education, S-Culture, S-Fantasy, S-Gallery, S-Book cafe, S-Store의 6가지 성관련 테마를 중심으로 구성되어 있다.* 개관일 2006년 03월 18일',6,1,'/문화시설/건강과 성 박물관(제주).jpg','admin',NULL,NULL),(32,'서복전시관','문화시설','33.244865524046936','126.57091931046617','63596','','제주특별자치도 서귀포시 칠십리로 156-8(서귀동)','중국 진시황 때 사자 서불(徐福=徐市)이 삼신산의 하나인 한라산에서 불로초를 구하려고 동남동녀 500쌍을 거느리고 동쪽으로 왔다가 정방폭포 암벽에 \'서불과지(徐市過之)\'라는 글자를 새기고 서쪽으로 돌아갔다고 전해지고 있다. 서복전시관은 이러한 설화에 기초하여 중국인 등 외국인 관광객에게 문화적 볼거리를 제공하기 위해 정방폭포 인근에 건립되었다. 중국과 일본의 역사를 잇는 구비문화유적으로서 자원적 가치가 높다.전시관에는 진시황의 청동마차와 병마용갱(兵馬俑坑)의 실물 복제품과 친황다오(秦皇島)시에 있는 서복 비석 복제품, 원자바오 총리 친필 휘호가 새겨진 태산석(泰山石), 허베이성(河北省) 친황다오시가 기증한 서복동도상(徐福東渡像) 조각작품 등이 전시되어 있다. 영상실에는 불로촌의 전설과 서복의 고향을 현지 촬영한 다큐멘터리와 애니메이션으로 구성한 동영상을 상영한다. 서복공원의 담장은 관광객들의 지적에 따라 높이를 3.5m에서 1.5m로 낮추고, 관람객들이 중국 원자바오 총리의 실물 크기 사진과 함께 촬영할 수 있는 포토존도 설치했다. 주변해안을 조망할 수 있는 전망대와 쉼터 등이 조성되어 있다.',6,1,'/문화시설/서복전시관.jpg','admin',NULL,NULL),(33,'방림원','문화시설','33.3373165134','126.2685961746','63005','','제주특별자치도 제주시 한경면 용금로 864			','3천여 평의 방림원 곳곳에는 수십 년에 걸쳐 수집한 유럽, 아프리카, 아메리카 대륙의 세계각국 야생화 3천여 종이 자연적인 미와 더불어 소박한 들꽃의 청조함을 느낄수 있다. 방림원 박물관 내  유리 온실 안에는 그 계절에 피고 지는 200여 종의 작품들이 변화되고 있고 제주도 모형과 태극기의 이미지를 야외정원 곳곳에는 계절에 따른 테마로 이루어진 공간에서 웃음과 기쁨을 자아 내기도 한다. 또한 국내 자생식물 90가지와 귀화식물 10가지를 더한 100가지 식물을 심은 백화동산, 자연의 형태를 그대로 살린 형제 폭포경관, 연못안의 잉어들의 노님을 보고 있으면 마음이 그야 말로 행복해진다. 또, 다른 실내 전시공간인 양치류 관내에는 세계 각 나라의 양치류(고사리류)들의 새로운 모습이 볼 수 있고, 벌레를 잡아먹는 식충식물들이 아이들의 호기심을 만족시켜준다. 공사중에 발견된 방림굴은 제주도에서도 희귀한 붉은 송이돌로만 이루어져 있고 굴안에서 송이돌의 음이온을 받아 갈수 있다.* 주요 야생화 - 노루귀, 호자나무, 한라돌창포',6,1,'/문화시설/방림원.jpg','admin',NULL,NULL),(34,'해녀박물관','문화시설','33.5235831721','126.8634514136','63362','','제주특별자치도 제주시 구좌읍 해녀박물관길 26			','해녀박물관은 1932년 제주해녀들이 인간의 존엄성과 생존권을 무참히 수탈하는 일제에 맞서 여성이 주체가 되어 투쟁했던 제주해녀항일운동의 발상지에 자리 잡고 있다. 제주해녀는 세계적인 존재로 어려운 작업 환경을 딛고 끈질긴 생명력과 강인한 개척정신으로 인해 제주여성의 상징으로 자리매김해 왔다. 불과 20여 년 전만 하더라도 우리 삶의 현장에서 가정 경제의 핵심적 역할을 했으나 30~40대 해녀가 15%도 되지 않는 현상황에서 해녀문화의 보존을 위한 전문 해녀박물관의 갖는 위상은 매우 뜻깊은 일이라고 할 수 있다.역사 속에서 형성된 해녀들만의 독립적이고 주체적인 문화는 향토문화유산으로서 뿐만 아니라, 전 세계적으로 주목받는 중요한 관광문화자원으로 발전해 나갈 것이다. 해녀박물관은 제주만의 독특한 해녀, 어촌, 해양문화의 계승, 발전을 위하여 제주해녀항일운동기념공원 조성사업과 연계해서, 2003년 12월 23일 공사를 착공, 85,951m²(2만 6천평)의  부지에 총 124억 원을 투자하여 지상 4층에 전체면적 4,002m²의 규모로 지어졌다. 주요시설로는 4개의 전시실과 영상실, 전망대, 휴게실, 야외전시장 등으로  구성되어 있으며 2006년 6월 9일에 개관하였다.제주해녀들의 생존과 삶, 자존의 역사를 담은 해녀박물관은 제주의 상징인 “해녀”를 주제로 그들의 생활풍습, 무속신앙, 세시풍속, 해녀공동체 뿐만 아니라 제주민의 역사, 여성, 생업, 경제, 해양, 신앙, 연희 등 제주의 전통문화를 총망라하여 전시했다. 제주해녀들이 남긴 소중한 문화유산을 발굴, 보존하고 해녀 전문 박물관에  걸맞은 특색있는 기획전시와 지속적인 해양 민속 발굴로 21세기 세계적 문화예술의 메카로 가꿔 나가는데 기여하고자 함이다.',6,1,'/문화시설/해녀박물관.jpg','admin',NULL,NULL),(35,'닥종이인형박물관','문화시설','33.2468275374','126.5102161129','63572','064-739-3905~6','제주특별자치도 서귀포시 월드컵로 33			','우리 전통 한지인 닥종이를 정성스럽게 하나하나 붙이고 말리는 과정을 수없이 반복해서 만든  닥종이인형은 놀랍게도 우리의 모습과 많이 닮았다.   요즘 아이들에게 인기 있는 로봇, 외국인형 등과 같은 장난감에서는 찾을 수 없는 딱지귀신 광수, 구슬치기 왕 종철이, 군것질대장 기연이, 개다리 춤을 잘 추던 문수, 대통령이 되겠다던 병석이, 꼴지만 하던 순구.부드럽고 익살스런 표정으로 살아있는 듯한 닥종이 인형들이 제주를 찾은 고객에게 따스함과 정겨움을 드리기 위해 가슴 설레며 기다리고 있다.   이밖에 1954년 대통령컵 골프대회, 1962년 해녀 매스게임, 잊혀진 CF 등 희귀 영상을 감상하거나 DJ 박스, 추억의 교실에서 놀면서 과거로의 시간 여행도 경험할 수 있다.',6,1,'/문화시설/닥종이인형박물관.jpg','admin',NULL,NULL),(36,'제주돌문화공원','문화시설','33.4513683869','126.6567710025','63345','','제주특별자치도 제주시 조천읍 남조로 2023			','돌문화 공원은 돌의 고장 제주에 있는 돌문화를 종합적이고 체계적으로 보여주는 박물관이자 생태공원이다.2020년까지 전체공원이 조성되며, 제1단계로 제주돌박물관, 제주돌문화전시관, 제주의 전통초가 등의 전시관이 완공되어 공사가 시작된지 7년 만인 2006년 6월 3일 문을 열었다. 제주의 돌문화를 한곳에서 볼 수 있는 돌문화공원은 규모가 워낙 커서 여유로운 일정으로 둘러보는 것이 좋다. 돌문화 공원은 제주만의 독특한 자연유산인 오름 앞에 자리잡고 있으며, 돌을 쌓아 만들어 놓은 성곽의 형태를 따라 나지막한 오르막길을 올라가면 주변 전망이 시원한 돌문화공원 입구에 다다르게 된다.입구를 지나 관람로를 따라가다보면 설문대할망과 그 아들인 오백장군 설화로 엮은 각종 돌조형물들을 만나게 되고,거석 사이를 통과하여 숲속오솔길을 따라가다 보면 박물관과 제주의 전통초가들을 볼 수 있는데, 특이하게도 박물관은 지상이 아닌 지하에 자리잡고 있다. 자연 환경과 주변 경관을 해치지 않기 위해서 그렇게 지어졌다고 한다. 야외 전시장에는 48기의 돌하르방, 사악한 기운과 액운을 몰아낸다는 방사탑, 도둑이 없어 대문도 없다는 제주의 상징인 정주석, 무덤 주위에 세워 망자의 한을 달래준다는 제주만의 내세관을 보여주는 동자석 등 제주의 역사와 전통 자연미를 함께 느낄수 있는 자연과 문화의 쉼터이다.',6,1,'/문화시설/제주돌문화공원.jpg','admin',NULL,NULL),(37,'제주국제평화센터','문화시설','33.2443708606','126.4220626997','63546','','제주특별자치도 서귀포시 중문관광로 227-24(중문동)','대한민국 정부에 의해 제주도가 동북아와 한반도의 평화정착에 기여하는 \' 세계평화의 섬\'으로 지정되어, 그동안 제주도가 평화를 실천하게 된  역사적 배경과 평화 실천사업, 미래에 대한 비전을 특수기법을 이용 전시하고 있다. 지난 \'91년 4월 한ㆍ소 정상회담 이후 제주도에서 계속된 전ㆍ 현직 세계정상들과 남북평화실천과 교류활동, 제주를 방문한 세계정상, 4.3특별법과 노벨평화상 수상자, 평화와 인류애를 몸소 실천하는 사람, 국가(제주포함)의 위상을 드높인 인물 및 제주영상을 소재로 세계에 제주의 이미지를 알린 연예인 등을 선정, 평화라는 내용으로 밀랍을 제작ㆍ전시하여 교육 및 체험의 장으로 활용되어지고 있다.',6,1,'/문화시설/제주국제평화센터.jpg','admin',NULL,NULL),(38,'제주테지움','문화시설','33.4120435500','126.3935836397','63037','','제주특별자치도 제주시 애월읍 평화로 2159			','테지움 사파리는 세계 최초로 야생동물과 수중동물 꽃과 새들을 모두 봉제인형으로 제작하여 전시되는 새로운 개념의  박물관이다. A동 1층의 야생동물존에는 호랑이, 코끼리, 사자 표범 등의 동물인형과 다양한 포즈의 테디베어와 함께 사진을 찍을 수 있도록 전시되어 있고 2층에는 돌고래, 상어를 비롯하여 문어, 거북이 등 수중 동물인형과 홍학, 학, 오리떼 등 다양한 인형들이 있다. B동 2층으로 넘어오게 되면  4m의  엎드린 테디베어에서 어린이들이 자유롭게 뛰어놀 수 있는 놀이터와 드라마  \'뉴하트\'에 등장했던 모든 테디베어와 테지움아트갤러리에는 영화패러디, 그리스신화 테디베어, 세계의상 테디베어들이 전시되어 있다.B동 1층의 선물코너에서는 다양한 형태의 테디베어 소품들과 사랑스러운 여러가지의 테디베어를 구매할 수 있다. 특히 A동의 1층과 2층에 걸쳐 조성되어 있는 소원 들어주는 나무는 관람객들이 써넣은 소원들을 선별하여 매원 소원을 들어주는 행사로 계획하고 있다.',6,1,'/문화시설/제주테지움.jpg','admin',NULL,NULL),(39,'세계자동차&피아노 박물관','문화시설','33.2834376347','126.3499458641','63526','','제주특별자치도 서귀포시 안덕면 중산간서로 1610			','2008년 4월 새로이 개관한 세계자동차&피아노 박물관은 아시아 최초 개인소장 세계자동차&피아노 박물관으로 제주도 서귀포시 안덕면 상창네거리 인근 157,000㎡ 규모에 대한민국 최남단 환상의 섬 마라도가 한눈에 펼쳐지는 아름다운 풍광을 자랑한다. 또한, 클래식카 70여 대, 경비행기 3대 그리고 어린이들이 직접 시운전을 해볼 수 있는 미니 자동차 체험관까지 마련되어 있다.  세계 최초의 자동차인 독일의 ‘벤츠 페턴트카’, 전 세계에 6대뿐인 영국의 ‘힐만 스트레이트8’, 영국 왕실의 전용차로 쓰였던 ‘롤스로이스 실버스퍼’ 등, 좀처럼 보기 힘든 옛날 명품 자동차들을 비롯해 기네스북에도 등재된 경비행기 ‘BD-5’. 전 세계 27개 완성차업체가 제작한 클래식카 59대와 국산차 10대 등, 1890~1970년대 차량 69대가 전시되어 있다.',6,1,'/문화시설/세계자동차&피아노 박물관.jpg','admin',NULL,NULL),(40,'아프리카 박물관','문화시설','33.2398992429','126.4290955229','63544','064-738-6565','제주특별자치도 서귀포시 이어도로 49(대포동)','아프리카박물관은 1998년 11월 서울 대학로에 아프리카란 우리에겐 다소 생소한 문화를 토대로 한 박물관을 개관하였으며, 2004년 12월 새로운 문화적 도약을 위해 제주도 서귀포시 중문관광단지 국제컨벤션센터 동쪽에 박물관 건물을 신축하고 이전하였다.서귀포시 중문관광단지에  새롭게 선보인 아프리카박물관의 건물은  서아프리카 말리의 젠네에 위치하고 있는 이슬람 대사원을 토대로 설계하였다. 젠네 대사원은 흙으로 지어진 건물 중 세계 최대규모이며, 국제 문화 협력 교류기관인 유네스코는 전 인류가 함께 보존 해야할 세계문화 유산으로 지정하고 있다. 신축된 아프리카 박물관은 아프리카 대륙 문화의 정통성을 훼손하지 않고 보다 다양한 시각으로 소개하고자 하는 본 박물관의 의지를 표방하고 있다.* 아프리카 민속 공연(공연시간 30분) : 1회 11:30 / 2회 14:30 / 3회 17:30※ 매주 월요일은 공연이 없음',6,1,'/문화시설/아프리카 박물관.jpg','admin',NULL,NULL),(41,'조안베어뮤지엄','문화시설','33.2402687253','126.4340950813','63544','','제주특별자치도 서귀포시 대포로 113(대포동)','제주도 남부 서귀포시의 중문관광단지 내에 위치하고 있는 조안베어뮤지엄은 세계적으로 유명한 테디베어 아티스트인 조안 오의 작업실이자 전시공간이다. 박물관에서는 천연의 소재로 만들어진 테디베어를 만날 수 있으며, 제주 자연의 아름다움과 느긋한 휴식을 취할 수 있는 곳이다. 나지막한 언덕에 있는 조안베어뮤지엄에서는 백여 년 된 오십 그루의 소나무들과 돌담들이 그대로 보존되고 있어 제주 올레를 함께 할 수 있는 곳이다.',6,1,'/문화시설/조안베어뮤지엄.jpg','admin',NULL,NULL),(42,'초콜릿 박물관','문화시설','33.2570220058','126.2300235314','63504','','제주특별자치도 서귀포시 대정읍 일주서로3000번길 144			','1,500여 평의 탁트인 시원한 전망을 자랑하는 박물관 앞마당은 제주원석으로 만들어진 야트막한 담으로 둘러져 있어 밖에서도 박물관 정원의 순박한 아름다움을 한껏 느끼게 되어 있다. 박물관 건물 전면에 심어져 있는 감나무들은 건물과 자연스런 조화를 이루며 담을 따라서 삼나무가 녹색의 자연담을 이루고 있어 보는 이로 하여금 녹음의 정취를 자아내게 한다. 남제주군 대정읍 일과리의 대정농공단지내에 위치한 초콜릿박물관은 웅장하거나 화려하지는 않지만 제주의 자연과 어우러진 소박한 규모의 초콜릿전문 박물관이다.화산활동으로 생성된 제주고유의 송이석으로 지어진 박물관건물은 European Style의 이국적인 고성의 느낌을 주며 4958.7m²에 이르는 넓은 대지 위에서 느끼는 아늑함은 내방객들에게 아늑함과 낭만의 서정을 동시에 느끼게 해준다. 초콜릿박물관은 인간과 함께 숨쉬며 살아온 초콜릿의 역사와 오늘날 유럽을 필두로 한 지구상의 모든 초콜릿에 대하여 잘 살펴보고 알 수 있도록 기초 문화의전당 역할과 더불어, 과연 최고 품질의 초콜릿이 무엇인지, 그 맛이 어떠한지를 알 수 있게 한 \"Real Chocolate Place\"\"\"\" (초콜릿 맛의 명소)이다.\"\"\"',6,1,'/문화시설/초콜릿 박물관.jpg','admin',NULL,NULL),(43,'제주항일기념관','문화시설','33.5410109898','126.6407703457','63331','','제주특별자치도 제주시 조천읍 신북로 303			','일제는 1910년 한국을 국권침탈하여 식민통치를 하고 무단정치를 실시하여 언론, 출판, 결사를 비롯한 모든 자유를 박탈하자 우리의 선조들은 이에 항거하여 항일투쟁을 해오다 1919년 3월 1일 유관순열사의 대한독립만세운동으로 한반도 전역에서 체계적이고 조직적인 항일만세운동이 펼쳐져 조국 광복의 밑거름이 되었기에 우리나라의 3월은 특별한 의미를 지니고 있다.기미년 3.1 독립만세운동은 제주지역까지  이어져 1919년 3월 21일부터 3월 24일까지 제주도 제주시 조천읍 소재 미밋동산(지금은 만세동산이라 부름)에서 거행되었다. 이러한 선열들의 뜻을 기리고 계승하기 위하여 1993년부터 의거지인 이곳에서 기미 독립운동 만세대행진 행사가 매년 열리고 있는 가운데 지난 1991년 재일동포 김봉각씨의 5억원 기탁으로 3.1독립운동기념탑이 건립된 계기로 조천만세동산 성역화사업이 추진되었다.',6,1,'/문화시설/제주항일기념관.jpg','admin',NULL,NULL),(44,'테디베어뮤지엄 제주','문화시설','33.2536335404','126.4102024105','63535','','제주특별자치도 서귀포시 중문관광로110번길 31(색달동)','흔하게 서양 어린이들이 하나씩은 갖고 있는 \'곰돌이\' 인형은 단순한 완구가 아닌 가족과 같은 느낌이 든다. 한국의 대표적 관광지 제주도 중문관광단지내에 위치한 곰인형박물관, 일명 테디베어뮤지엄(Teddybear Museum)은 지난 2001년 4월 개장, 가족단위나 연인이 함께 즐길 수 있는 테마파크로 자리 잡았다. 영국, 일본, 미국 등지에서는 이미 널리 알려진 테디베어 박물관이지만 우리로서는 다소 생소한 이색박물관으로, 곰인형에 관해서는 세계 최대규모(총면적 13,553㎡, 연건평 4,297㎡)를 과시하며 제주를 찾은 관광객들에게 색다른 여행의 묘미를 안겨준다.\'테디베어\'는 우리가 흔히 곰돌이 인형이라고 즐겨 부르는 곰의 모양의 봉제완구를 통칭하는 말로, 미국의 제 26대 대통령인 테어도어 루즈벨트 시절 곰사냥에서 한 마리도 잡지못한 대통령을 위해 한 보좌관이 생포해 온 새끼곰을 풀어주었다는 이야기가  당시 언론에 크게 실리면서, 한 실업가가 이를 본딴 인형을 상업적으로 만들어 팔면서 널리 알려지게 되었다.',6,1,'/문화시설/테디베어뮤지엄 제주.jpg','admin',NULL,NULL),(45,'제주도민속자연사박물관','문화시설','33.5064214033','126.5313500889','63270','','제주특별자치도 제주시 삼성로 40			','제주특별자치도민속자연사박물관은 제주도 고유의 고고·민속 자료와 동물, 광·식물, 해양생물 자료들을 수집하고 조사 연구를 통해 전시하고 있는 곳이다. 지난 1984년 5월 24일 개관한 이래 실물자료와 모형·마네킹 등을 활용해 입체적으로 전시함으로써 이국적인 느낌을 주는 제주문화를 보다 쉽게 이해할 수 있도록 하고 있다. 로비에 대형어류 및 해양생물 디오라마 전시를 비롯하여 제주도 형성사, 여러가지 암석, 한라산의 식물 수직분포도, 곤충, 포유류 등 제주의 형성과정과 여러 자연생태까지도 한눈에 볼 수 있다. 그리고 제주인의 일생, 생업, 의식주 등을 통해 과거 제주인의 생활을 접할 수도 있다.',6,1,'/문화시설/제주도민속자연사박물관.jpg','admin',NULL,NULL),(46,'감귤박물관','문화시설','33.2711819574','126.6080904173','63605','','제주특별자치도 서귀포시 효돈순환로 441(신효동)','서귀포감귤박물관은 제주특산물인 감귤을 테마로 감귤의 세계를 한눈에 보고, 느끼고, 체험할 수 있도록 개관한 공립전문박물관으로 감귤의 역사와 문화, 산업과 노동현장을 엿볼 수 있는 의미있는 전시 등을 통해 제주인의 삶의 모습을 반추해 볼 수 있다.감귤의 발생, 역사와 종류, 재배방법 등을 다양한 패널과 영상으로 구성하고, 유리온실에는 전 세계 84품종의 감귤류를 식재 전시하여 사계절 싱싱한 감귤(생과)을 감상할 수 있도록 조성되어 감귤에 관한 모든 것을 체험하고 배울 수 있는 곳이다.',6,1,'/문화시설/감귤박물관.jpg','admin',NULL,NULL),(47,'제주현대미술관','문화시설','33.3398745180','126.2656713719','63005','','제주특별자치도 제주시 한경면 저지14길 35			','2007년 9월 1일에 개관한 제주현대미술관은 본관과 분관으로 이루어져 있으며, 본관은 지하1층·지상2층의 연면적 1,773㎡으로 김흥수화백 기증작품전시 특별전시실과 상설전시실, 그리고 2개의 기획전시실 및 수장고·자료실·아트샵 등으로 구성되어 있으며, 분관은 지상1층의 연면적 166㎡ 건물로 박광진화백 기증작품이 특별전시되어 있다. 이 밖에도 제주현대미술관이 위치한 약 99,383㎡의 저지문화예술인마을에는 20여동의 예술인 창작 건축물이 건축되어 있고 1,000여 명이 동시관람이 가능한 야외공연장 시설과 어린이 야외조각공원 등 복합문화공간으로서의 기반을 갖추어 가고 있다.* 2005년 12월 착공한 이후 지금까지 총 34억 원을 투자해 제주자연 친화성을 우선으로 건축경기 현상공모로 최우수작품인 김건촉(건축사 김석윤)이 실시설계를 한 작품',6,1,'/문화시설/제주현대미술관.jpg','admin',NULL,NULL),(48,'제주민속촌','문화시설','33.3212774115','126.8431355929','63629','','제주특별자치도 서귀포시 표선면 민속해안로 631-34			','제주민속촌은 2001년에 개관한 제1종 전문 박물관으로 1890년대를 전시 기준 연대로 하여 제주의 민속자료를 종합적으로 정리하여 전시하고 있으며, 100여채에 달하는 제주 전통가옥은 제주도민이 생활하였던 가옥과 돌, 기둥 등을 그대로 옮겨와 복원해 전시하고 있다. 이 전통 가옥에는 생활용구, 농기구, 어구, 가구, 석물 등 민속자료가 전시되어 있다. 제주민속촌에는 제주는 물론 우리나라의 향토수종 및 꽃들을 식재하여 사계절 내 꽃들을 볼 수 있으며 재래흑돼지 및 가금, 가축을 사육하고 있어 자연학습장 기능도 겸하고 있다. 이외에도 다양한 테마별 전시장과 체험가옥, 전통민속놀이 체험장을 통해 다양한 볼거리와 체험거리를 제공하고 있다.',6,1,'/문화시설/제주민속촌.jpg','admin',NULL,NULL),(49,'김영갑 갤러리(두모악)','문화시설','33.3724080600','126.8542667942','63635','','제주특별자치도 서귀포시 성산읍 삼달로 137			','루게릭병으로 인해 거동조차 불편했던 몸으로 옛 삼달초등학교를 직접 다듬고 손질해서 멋진 갤러리로 탈바꿈시킨 사진작가 고 김영갑씨의 열정과 제주도의 고요와 평화를 담은 그의 작품을 감상할 수 있다. 바람처럼 제주도의 겉모습만 훑고 떠나는 관광객들은 좀체 느껴보기 어려운, 제주도의 아름다운 속살이 그의 작품 속에 고스란히 드러나 있다. 오름, 초원, 바다, 안개, 바람, 하늘, 그리고 왠지 모를 쓸쓸함까지 제주도에 존재하는 모든 것을 그의 사진 속에서 찾아볼 수 있다.',6,1,'/문화시설/김영갑 갤러리(두모악).jpg','admin',NULL,NULL),(50,'제주 탑동해변공연장','문화시설','33.5179061303','126.5243032176','63165','','제주특별자치도 제주시 중앙로 2(삼도이동)','제주시의 가장 북쪽인 삼도2동 탑동 제2공원에 소재한 제주해변공연장은 아름다운 제주해변 풍광과 함께 시원한 바다내음을 음미하며 다양하고 수준높은 무대 공연을 관람할 수 있는 야외공연장이다. 1993년 착공, 95년 3월에 대지면적 10,200㎡에 건물 연면적 1,955 ㎡ 지상 3층의 공연장 건물과 노천 객석 2500여 석 규모로 전국 유일의 바다가에 인접한 공연장으로 준공되었으며 구조를 갖춘 공연장으로는 국내 최초의 야외공연장이었다.',6,1,'/문화시설/제주 탑동해변공연장.jpg','admin',NULL,NULL),(51,'제주서커스월드공연장','문화시설','33.3143952464','126.3449344975','63524','','제주특별자치도 서귀포시 안덕면 동광로 214			','* 현재 휴관 중이므로 방문 전 확인 요망제주서커스월드공연장(구, 해피타운)은 제주씨월드(주)에서 새로운 관광 및 공연 문화의 발전을 위하여 중국에서도 인정받는  최고의 기예단을 엄선한 최상의 스텝으로 구성되어 설립된 정통중국기예 공연장이다. 2004년 1월에 공연을 시작하여 제주도 최고의 관광지이자 공연장으로 자리매김하였으며, 특히 국내에서 최초로 소개되는 오토바이공연은 지금까지는 경험하지 못한 최고의 공연으로 극찬받았다. 2007년 하반기부터는 국내 최초로 또 한번 가위춤을 선보였으며, 중국단원으로 구성된 우리의 음악 아리랑을 선보이면서 공연장의 새로운 패러다임을 선보이고 있다. 예술성까지 가미된 공중 자전거쇼를 비롯한 서커스월드의 공연은 제주도민은 물론, 제주도를 찾는 모든 관광객들이 한번쯤은 경험해 볼 만한 최고의 공연이다.',6,1,'/문화시설/제주서커스월드공연장.jpg','admin',NULL,NULL),(52,'제주세계성문화박물관','문화시설','33.2462414754','126.5092439880','63572','','제주특별자치도 서귀포시 월드컵로 33(법환동)','인류가 서로 다른 환경속에서 삶들을 살아오면서 각 지역마다 다르게 표현한 다양한 性문화들을 모아놓고 즐기며 보기도 하고 보는 우리 모두가 이성과 함께 性문화를 만들어 간다는 것을 공감하며 감추어진 문화에서 나타나는 문화의 공간으로 함께 즐기며 재미있는 시간이 되기를 바라는 장소이다.  각국의 성문화를 엿볼 수 있는 그림과 조각, 자연물 등 2천여점의 성 유물이 전시 중이다.',6,1,'/문화시설/제주세계성문화박물관.jpg','admin',NULL,NULL),(53,'헬로키티아일랜드','문화시설','33.2900841569','126.3521344149','63526','','제주특별자치도 서귀포시 안덕면 한창로 340			','헬로키티아일랜드는 세계에서 많은 사랑을 받고 있는 캐릭터 헬로키티를 주모델로 한 캐릭터 전문 전시관이다. 헬로키티의 역사, 가족, 음악과 공연교육, 전시, 3D영상관, 체험활동, 기획작품 갤러리 등 다채롭고 풍성한 문화 공간이자 다양한 헬로키티상품을 만날 수 있는 Brand shop으로 구성되어 있다.',6,1,'/문화시설/헬로키티아일랜드.jpg','admin',NULL,NULL),(54,'제주 추사관','문화시설','33.2498068953','126.2785639201','63517','','제주특별자치도 서귀포시 대정읍 추사로 44			','제주추사관은 조선후기 대학자이자 예술가인 추사 김정희 선생의 삶과 학문 예술세계를 기리기 위해 지난 2010년 5월 건립되었다. 제주추사관의 전신은 1984년 지주지역 예술인들과 제주사 연구자들의 노력으로 건립된 추사유물전 시관이다. 그러나 전시관이 낡은데다, 2007년 10월 추사유배지가 국가지정문화재로 승격되면서 그 격에 걸맞게 재건립되어야 한다는 여론에 따라 새롭게 제주추사관을 완공하였다. 제주추사관은 추사기념홀을 비롯해 3개의 전시실과 교육실, 수장고 등의 시설을 갖추고 있으며, 부국문화재단, 추사동호회 등에서 기증해 주신 \'예산김정희종가유물일괄\', 추사 현판 글씨, 추사 편지 글씨, 추사 지인의 편지 글씨 등을 전시하고 있다.',6,1,'/문화시설/제주 추사관.jpg','admin',NULL,NULL),(55,'드라마월드','문화시설','33.3519191227','126.3605878552','63040','','제주특별자치도 제주시 애월읍 화전길 3			','드라마월드는 1500평의 실내 세트장으로 되어 있는 드라마 스튜디오다. 실제 실내 드라마 세트장과 복원 세트장이 함께 있는 스튜디오로 전시관 내 모든 의상과 소품은 무료로 체험할 수 있다. 단 한복, 웨딩드레스 체험만 유료로 진행하고 있다.(별도 요금 : 5,000원) 드라마월드에서는 서부시대, 유럽거리 등 월드 세트장에서 웨스턴 웨딩, 카우보이, 셀프 웨딩, 모자장수, 왕좌의 게임 체험을 할 수 있는 월드스튜디오와 한국사극 세트장과 한류 세트장, 1900년대 세트장, 테디베어 특별전시를 관람할 수 있다.',6,1,'/문화시설/드라마월드.jpg','admin',NULL,NULL),(56,'제주커피박물관 Baum (제주커피박물관 바움)','문화시설','33.4398957772','126.8991669121','63641','','제주특별자치도 서귀포시 성산읍 서성일로1168번길 89-17			','제주 커피박물관 바움은 약 2만 2천 평 규모의 숲이 한눈에 보이는 커피 박물관이다. 박물관, 전망대, 솔밭 공원, 삼나무, 편백 숲 등 규모가 커서 반나절 정도 둘러보기 좋은 관광 코스다. 커피 박물관은 200년 역사를 가진 커피에 대해 깊은 고찰과 연구가 묻어난 곳이다. 전시실에는 세계 여러 나라에서 수집한 커피 그라인더와 로스터기, 커피 팟과 잔 세트 등이 전시돼 있다. 체험실과 로스팅 실에서는 커피 브루잉 체험이 가능하고, 로스팅하는 모습을 볼 수 있다. 2층 라운지에서는 신선한 커피와 베이커리를 즐길 수 있다.',6,1,'/문화시설/제주커피박물관 Baum (제주커피박물관 바움).jpg','admin',NULL,NULL),(57,'법환동 청소년문화의집','문화시설','33.2355344019','126.5141993540','63573','','제주특별자치도 서귀포시 막숙포로 70-1			','법환동 청소년문화의집은 지역청소년들의 건전한 여가생활영위 및 청소년들의 푸른성장을 위하여 다양한 문화교육활동과 청소년활동지원사업을 운영하고 있다.',6,1,'/문화시설/법환동 청소년문화의집.jpg','admin',NULL,NULL),(58,'아쿠아플라넷 제주','문화시설','33.4328331325','126.9278590339','63642','','제주특별자치도 서귀포시 성산읍 섭지코지로 95			','아쿠아플라넷제주는 제주 동부 성산일출봉 옆에 위치한 국내 최대의 아쿠아리움이다. 수조 용적량이 1만 800톤에 달하는 월드 클래스급 초대형 해양종합문화시설로써, 전시생물 450여종 4만5천여마리의 생물들이 전시되어 있다. 특히 최대 6,000톤까지 해수를 수용할 수 있는 메인(Main)수조는 2만 7천마리의 어류를 관람할 수 있는 초대형 수조로 수조앞면(가로23mX세로8.5mX수심11m)에서 바라보다보면 마치 바닷속에 들어와 있는듯한 착각을 불러온다. 이러한 아쿠아리움시설은 현재 아쿠아플라넷여수의 2배, 삼성코엑스 아쿠아리움의 3.6배, 부산씨라이프의 3배의 규모이다. 매 시간마다 진행하는 오션아레나 공연과 제주전통해녀시연은 또 다른 볼거리이다.※개관일 : 2012년 7월 14일',6,1,'/문화시설/아쿠아플라넷 제주.jpg','admin',NULL,NULL),(59,'삼매봉도서관','문화시설','33.2447978549','126.5512403807','63594','','제주특별자치도 서귀포시 남성중로153번길 15(서홍동)','제주특별자치도에 있는 15개의 공공도서관 중 한 곳으로 서귀포시 서홍동에 있다. 다양한 자료를 수집·제공함으로써 도민의 독서생활화에 기여하고 있으며, 다양한 계층별 독서·문화프로그램을 통해 도민들의 평생교육 실현에 앞장서고 있는 문화·소통의 복합공간이다.',6,1,'/문화시설/삼매봉도서관.jpg','admin',NULL,NULL),(60,'조천읍도서관','문화시설','33.5377090094','126.6676791949','63333','','제주특별자치도 제주시 조천읍 일주동로 1189			','제주특별자치도에 있는 15개의 공공도서관 중 한 곳으로 제주시 조천읍에 있다. 다양한 자료를 수집·제공함으로써 도민의 독서생활화에 기여하고 있으며, 다양한 계층별 독서·문화프로그램을 통해 도민들의 평생교육 실현에 앞장서고 있는 문화·소통의 복합공간이다.',6,1,'/문화시설/조천읍도서관.jpg','admin',NULL,NULL),(61,'휘닉스 제주 섭지코지','숙박','33.4302500880','126.9280674087','63642','064-731-7000~5','제주특별자치도 서귀포시 성산읍 섭지코지로 107			','천혜의 자연과 비일상의 즐거움이 공존하는 휘닉스 제주 섭지코지는 숙박, 휴양, 레져, 문화가 공존하는 친환경 해양 종합리조트로, 리조트 면적만 66만㎡로 바다를 향해 호리병 모양으로 뻗어 있는 섭지코지 전체를 아우르는 규모로 세계자연문화유산 성산일출봉과 마주하고 있다.세계적인 건축거장 안도다다오가 직접 설계한 글라스하우스, 지니어스로사이 및 마리오보타의 아고라 등 현대 건축 작품들을 만날 수 있다. 콘도미니엄은 34평형 실, 54평형 실 등 총 300여 실로 구성되어 있으며 실내·외 수영장과 해양레포츠센터, 테라피센터, 로비라운지(섭지), 한식당(일출봉), 노래방(콩콩)과 가요주점(문라이트) 등의 부대시설을 비롯한 편의점(CU)와 PC방, 테디베어, 허브, 기념품샵 등의 편의시설을 갖추고 있다. 휘닉스 제주의 유원지인 ‘섭지코지’ 의 해안 절경을 만끽할 수 있음은 물론, 전동카트, 자전거, 해마열차, 꽃마차 등 레포츠 시설도 마련되어 있다.',8,1,'/숙박/휘닉스 제주 섭지코지.jpg','admin',NULL,NULL),(62,'토비스콘도 제주','숙박','33.4631615996','126.3117312768','63043','064-799-4400','제주특별자치도 제주시 애월읍 애월로1길 8			','토비스콘도 제주는 \'애월\'의 한담해변(패들보드, 서핑, 스쿠버, 카약)에 있는전통있는 휴양콘도이다. 이곳은 올래길이나 라이딩코스와 이어져 있고 전지훈련, 수학여행, 기업 연수 등의 편리한 입지조건을 가지고 있다.',8,1,'/숙박/토비스콘도 제주.jpg','admin',NULL,NULL),(63,'스타즈 호텔 제주 로베로(구 로베로호텔)','숙박','33.5128872053','126.5220229746','63168','064-757-7111','제주특별자치도 제주시 관덕로 26			','제주의 자연과 생활을 한눈에 경험할 수 있는 스타즈 호텔 제주 로베로는 내 집 같은 편안한 서비스로 고객에게 최고의 가치를 선사한다. 객실은 커튼을 젖히면 푸른빛 바다가 살며시 내려와 앉는 쾌적한 공간의 실내 분위기로 다양한 최신 설비를 갖추고 있으며, 고객을 한 번 더 생각하는 서비스를 통해 편안하게 머무를 수 있도록 모든 편의를 제공하고 있다.이태리식 정통 디자인으로 연출된 최고의 분위기로 연회문화를 선도하는 대연회장은 각종 세미나, 회갑, 결혼 등 다양한 모임을 한결 격조 높은 분위기로 이끌어준다.스타즈 호텔 제주 로베로의 사우나는 완벽하게 조화시킨 휴식공간과 함께 지하에서 분출되는 천연의 생수로 피로에 지친 하루를 상쾌하게 풀어준다. 또 이용실&마사지에서는 여행에서 쌓인 피로를 마사지로 말끔히 씻어낼 수 있는 최고의 건강휴식처이다. 이처럼 편안한 여행의 즐거움을 마음껏 만끽하고 삶의 여유와 넉넉함을 즐기며 추억으로 간직할 소중한 시간을 만들 수 있는 격조 높은 휴식처가 될 수 있도록 스타즈 호텔 제주 로베로는 항상 정성이 깃든 최고의 서비스를 제공하고 있다.',8,1,'/숙박/스타즈 호텔 제주 로베로(구 로베로호텔).jpg','admin',NULL,NULL),(64,'제주 오리엔탈호텔','숙박','33.5176172015','126.5198091709','63166','064-752-8222','제주특별자치도 제주시 탑동로 47			','제주시 탑동 해변가에 아늑한 남국의 정취를 맞이하며 서 있는 제주오리엔탈호텔은 다양한 객실과 500명의 국내/외 세미나를 동시에 개최할 수 있는 대연회장과 3개소의 중소형 연회장, 그리고 각종 레스토랑과 사우나 시설을 갖추고 있다. 제주오리엔탈호텔은 리조트 고객과 비즈니스 고객을 위한 최적의 장소, 최고의 시설을 갖추고 있다.또한 제주 국제공항과 4Km 이내의 거리에 위치하고 있어 매우 편리한 교통을 자랑하며 제주시 중심가에 자리하고 있어 쇼핑은 물론 먹을거리, 즐길 거리 등이 있다. 호텔 바로 앞 탑동 해변가를 따라 산책로와 공원이 조성되어 있어 새벽 조깅 및 산책이 가능하고 호텔에서 서쪽으로 10분 정도의 거리에 있는 용두암 및 해안도로와 카페촌은 최적의 드라이브 장소와 데이트 코스로 손꼽히고 있다. 호텔 바로 옆으로는 횟집과 토속음식점들이 즐비하게 늘어서 있어 제주의 맛과 멋을 풍기며 미식가들의 환영을 받고 있다.호텔 내의 부대시설로는 비즈니스센터, 카지노, 커피숍, 로비라운지, BAR 등이 마련되어 있으며 설비와 고객의 취향을 만족시켜주는 최상의 서비스를 통해 편안하고 안락하게 지내실 수 있도록 모든 편의를 제공하고 있다.',8,1,'/숙박/제주 오리엔탈호텔.jpg','admin',NULL,NULL),(65,'라사니아캐슬','숙박','33.3735137915','126.8727651671','63634','064-784-6027','제주특별자치도 서귀포시 성산읍 일주동로 5199			','자연과 하나된 고급스러움을 더한 유럽형 리조트 라사니아캐슬은 표선바다를 수놓은 붉은 노을이 바다처럼 내려앉는 곳에 위치해 있다. 고단한 하루를 마친 태양이 황혼의 석양을 뽑낼 때 일상에 지친 모든 이들에게 일몰의 여운을 방 한가득 담아 선사한다. 자연과 하나되는 친근함을 모티브로 더 여유롭고 건강한 휴식을 위해 건축물 전체에 싱그러운 자연의 향기를 담았다.잔잔한 수평선을 바라보며 프라이빗하게 즐기는 수영장과 야외스파, 자연의 여유로움을 느끼며 거닐 수 있는 산림욕장과 산책로, 가족과 함께 맛있는 바비큐 파티를 즐길수 있는 바비큐장등 다양한 부대시설을 경험할 수 있다.',8,1,'/숙박/라사니아캐슬.jpg','admin',NULL,NULL),(66,'서귀포KAL호텔','숙박','33.2443539282','126.5808072727','63599','064-733-2001','제주특별자치도 서귀포시 칠십리로 242			','바닷가에 위치한 서귀포칼호텔은 앞으로는 그림처럼  섬들과 넓은 바다 그리고 뒤로는 병풍처럼 한라산이 보이는 곳에 위치한 리조트풍의 호텔로서 서귀포를 방문하는 모든 분들이 가장 편리하게 이용할 수 있다. 제주시와 공항으로부터 50분, 서귀포 시내로부터 10분, 그리고 오사카에서는 약 1시간 반, 도쿄에서는 약 3시간 거리에 위치하고 있다.수려한 자연의 신비와 남국의 꿈과 낭만을 담은 서귀포칼호텔은 지하 2층, 지상 9층의 규모로 남태평양이 한눈에 바라다 보이는 씨 사이드와 한라산 전망이 아름답게 펼쳐진 마운틴 타입까지 전통양식의 온돌방과 침대방, 스위트룸 등의 객실을 갖추고 있다. 각종 국제회의시설의 대연회장부터 가족 연회실에 이르기까지 행사장으로 마련된 대·중·소 연회실에서는 사회단체와 직장의 기념회를 비롯하여 결혼식, 약혼식, 회갑연이 가능하고 남태평양이 바라다 보이는 레스토랑, 로비라운지, 피트니스센터(사우나, 헬스, 실내수영장), 산책로 등을 갖춘 패밀리 리조트 호텔이다.',8,1,'/숙박/서귀포KAL호텔.jpg','admin',NULL,NULL),(67,'조은리조트','숙박','33.2357951330','126.4920040497','63564','064-739-0640','제주특별자치도 서귀포시 이어도로 721(강정동)','제주도 서귀포시에 위치한 조은리조트는 다양한 최신 설비를 갖추고 있으며 고객을 한 번 더 생각하는 서비스를 통해 편안하게 머무를 수 있도록 모든 편의를 제공하고 있다. 또한 다양한 평수와 각각의 다른 주제와 색깔을 지닌 객실을 갖고 있다. 침대, 소파, 식탁 등 모든 가구는 제주 장인이 직접 디자인하고 제작한 원목가구로 본드나 페인트를 전혀 사용하지 않았으며 가구 하나하나에도 살아있는 자연의 숨소리를 담았다.부부와 연인들의 결혼기념일, 생일 등 다양한 추억을 남길 수 있는 이벤트 등은 이색적인 공간속에서 더욱 특별함을 느낄 수 있다. 각종 차와 입욕제는 직접 만든 순수 자연산으로 마음 놓고 즐길 수 있으며, 유네스코 전통작품으로 인증된 제주 흙으로 만든 제주 도예의 세계를 만나볼 수 있는 공간도 준비되어 있다. 세미나실, 노래방, 레스토랑, 수영장, 바비큐장 등 편리한 각종 부대시설은 고객들의 휴식에 한층 즐거움을 더해주며 관광지와 유원지, 낚시, 스포츠 시설 등 모두 반경 5분 거리에 있어 언제 어디서든 만족을 느낄 수 있는 휴양지이다.',8,1,'/숙박/조은리조트.jpg','admin',NULL,NULL),(68,'금호리조트 제주','숙박','33.2737526275','126.7028238197','63620','064-766-8000','제주특별자치도 서귀포시 남원읍 태위로 522-12			','금호리조트 제주는 남원관광지에 위치하고 있으며 초원과 해안절벽을 끼고 세워져 있다. 서귀포에서 동측방향으로 15km, 표선으로부터 서남방향으로 5km 지점에 위치하고 있어 서귀포 중문 관광단지와 제주민속촌, 성산일출봉 등 풍부한 주변관광지를 가지고 있다. 모든 객실에는 에어컨이 완비되어 있고 케이블/위성 채널, 냉장고 및 평면 TV도 제공하고 있다. 부대시설로는 편의점, 연회장, 특산품점, 아쿠아나(실내수영장) 등이 마련되어 있다.',8,1,'/숙박/금호리조트 제주.jpg','admin',NULL,NULL),(69,'켄싱턴리조트 서귀포','숙박','33.2335425563','126.4890126926','63564','064-739-9001','제주특별자치도 서귀포시 이어도로 684			','켄싱턴리조트 서귀포는 송림지대에 자리 잡았기 때문에 초기 설계부터 자연친화적인 측면을 강조했다. 제주에서 유일한 담수 강정천과 서귀포 앞바다에 위치해 천혜의 입지조건을 갖추고 있으며 원래 인적이 드문 곳이라 조용하다.',8,1,'/숙박/켄싱턴리조트 서귀포.jpg','admin',NULL,NULL),(70,'푸른제주 펜션','숙박','33.4659879111','126.9345132486','63643','064-783-4830','제주특별자치도 서귀포시 성산읍 한도로 256			','아름다운 세계 7대 경관 성산일출봉 바로 앞에 위치한 최고의 전원휴양지인 성산일출봉과 우도가 보이는 곳에 푸른제주가 자리하고 있으며 모든 객실에서 바다가 보이고 바다내음을 맞을 수 있는 푸른제주 펜션이다. 주변으로는 광치기해변트레일, 펜션앞 조개잡이 무료체험장과 용당바닷길 산책로가 있어 최고의 풍광을 자랑하고 있다.',8,1,'/숙박/푸른제주 펜션.jpg','admin',NULL,NULL),(71,'호텔 뉴크라운','숙박','33.4843704127','126.4902569387','63133','064-742-1001','제주특별자치도 제주시 신광로 87			','바다와 한라산이 한눈에 내려다보이는 위치에 객실과 훌륭한 편의시설, 넓은 주차장을 완비하고 있는 호텔뉴크라운은 공항과 관광명소, 스포츠 시설들과 아주 가깝게 위치하고 있다. 웨딩홀에서는  결혼식을 위해 호텔뉴크라운 예식부에서 모든 준비를 하고 예비 신혼부부를 기다리고 있다. 이 밖에도 연회장에서는 기억에 남을 만한 연회를 연출하고 서비스를 제공한다. 사우나, 체력장, 수면실, 휴게실, 이·미용실 등은 최신식으로 설계되어 여행에서 쌓인 피로를 씻어낼 수 있다. 또한 토산품점, 나이트클럽, 단란주점, 스포츠마사지실, 칵테일바 등도 마련되어 있다.',8,1,'/숙박/호텔 뉴크라운.jpg','admin',NULL,NULL),(72,'C&P리조트','숙박','33.3899501906','126.8308461996','63635','064-784-7701','제주특별자치도 서귀포시 성산읍 중산간동로 4328-63			','전면으로는 쪽빛 바다가 손에 잡힐 듯하고 객실침대에 누워서도 바다 일출을 볼 수 있다. 후면으로는 한라산과 오름들이 자아내는 비경이 인상적이다. 카페테리아, 세미나실, 자료실도 갖춰져 있어 전문직 종사자들의 각종 미팅 장소로도 활용할 수 있으며 아기자기한 소품과 공예품을 제작, 구입할수 있는 공방에서도 특별한 여행의 추억이 완성된다.',8,1,'/숙박/C&P리조트.jpg','admin',NULL,NULL),(73,'썬랜드 호텔','숙박','33.4839982207','126.4895708953','63132','064-744-1601~2','제주특별자치도 제주시 신광로 92			','푸른 바다와 천혜의 자연히 살아 숨쉬는 아름다운 섬, 썬래드호텔은 제주 시내 중심에 위치하여 관광과 쇼핑의 메카라 불릴 수 있는 현대식으로 꾸며진 최고급 객실을 비롯한 편리하고 아름다운 호텔로서 최고의 서비스와 정성으로 고객의 편안하고 즐거운 여정을 위해 최선을 다하고 있다.아름다운 제주 바다의 밤하늘과 정정한 자연의 푸르름이 묻어나는 남국의 정취속에서 오래도록 기억될 좋은 추억을 함께 하길 바란다.',8,1,'/숙박/썬랜드 호텔.jpg','admin',NULL,NULL),(74,'메종글래드 제주','숙박','33.4856341402','126.4889153601','63132','','제주특별자치도 제주시 노연로 80			','제주국제공항과 10분 거리에 위치한 메종글래드 제주는 제주 도민의 삶 속 깊이 자리잡은 랜드마크이자, 제주 고유의 매력을 경험할 수 있는 호텔이다.시간의 가치를 증명하는 고풍스러운 건물 외관에서 볼 수 있듯, 40여 년 역사와 전통을 존중하는 헤리티지와 모던의 균형있는 가치를 간직한 호텔로서 제주의 감성을 더한 스마트 럭셔리(Smart Luxury)를 통해 특별한 경험을 느낄 수 있다. 전통을 살려 더욱 품격있는 분위기가 돋보이는 본관, 실용적이면서도 모던한 디자인의 신관을 비롯하여 루프톱 가든과 채광창으로 아름다운 제주의 하늘을 감상할 수 있는 최상층 프레지덴셜 스위트 등 다양한 타입의 스위트 객실이 마련되어 고품격 휴식을 제공한다.뿐만 아니라, 메종글래드 제주는 국제수준의 제주도 대표적 골프클럽인 오라컨트리클럽(36홀), 제주시 유일의 야외 패밀리 수영장&인피니티 풀, 솔향 가득한 힐링 공간 메종힐스 산책로 등 대규모 부대시설을 통해 도심 속 환상적인 리조트 라이프스타일을 경험할 수 있다.',8,1,'/숙박/메종글래드 제주.jpg','admin',NULL,NULL),(75,'하니크라운호텔','숙박','33.5051714812','126.5275532246','63197','064-758-4200','제주특별자치도 제주시 삼성로 10(이도일동)','하니크라운호텔은 뉴크라운, 밀라노크라운과 같은 크라운계열사의 호텔이다.바다와 한라산이 한눈에 내려다보이는 위치에 자리하고 있으며 안락하게 꾸며진 객실과 편의시설, 지상주차장을 완비하고 있다. 현대적 감각의 로비를 갖추고 있으며 도심 속의 정원이 있고 국제 수준의 실내장식과 서비스를 느낄 수 있다. 또한 유일하게 수목(아열대식물)과 잔디로 조성된 산책로를 갖추고 있다.객실은 언제 들어서더라도 깨끗함과 안락함을 느낄 수 있도록 심플하게 꾸며져 있다. 호텔 내의 부대시설로는 연회장, 예식장(야외예식장), 세미나 전용 건물(신관), 한·양식당, 커피숍 등이 마련되어 있으며 편리함이 갖추어진 설비와 고객의 취향을 만족시켜주는 서비스를 통해 안락하게 지내실 수 있도록 편의를 제공하고 있다.',8,1,'/숙박/하니크라운호텔.jpg','admin',NULL,NULL),(76,'제주캐슬펜션','숙박','33.2412257100','126.5312505263','63571','064-739-6780','제주특별자치도 서귀포시 태평로92번길 36			','제주캐슬펜션은 제주도 서귀포에서도 해안절경이 뛰어난 돔베낭골 해안절벽 가까이 위치하고 있으며 모든 객실에서 누워서도 바다와 섬을 볼수 있다. 깨끗함과 포근함을 두루 갖춘 콘도형 펜션이다. 객실마다 모든 시설과 부대시설이 잘 갖추어져 있다.',8,1,'/숙박/제주캐슬펜션.jpg','admin',NULL,NULL),(77,'예래펜션','숙박','33.2539916775','126.4002560434','63536','010-9744-7768','제주특별자치도 서귀포시 예래해안로 527(상예동)','발코니에서 제주 먼바다 및 한라산 정경이 수려하고 인근이 절대 개발 불가 지역으로서 자연이 잘 보호되어 있다. 중문 해변까지 차로 4분 거리, 중문 관광단지 2분 거리이며 주상절리, 자동차 박물관 등 각종 박물관과 및 올레 8코스가 통과한다. 편의시설로는 취사가 가능하고 객실마다 인터넷 선 및 홀에서는 pc, 무선인터넷, 와이파이가 가능하다. 마을 용천수가 나오는 곳이 있어 한여름에 시원한 목욕을 즐길 수 있다.',8,1,'/숙박/예래펜션.jpg','admin',NULL,NULL),(78,'제주 스위트호텔','숙박','33.2490784581','126.4083582278','63535','064-738-3800','제주특별자치도 서귀포시 중문관광로72번길 67			','싱그러운 북태평양의 푸른 바다와 매혹적인 한라산이 우아한 자태를 뽐내는 섬, 제주도. 제주의 수려한 자연경관과 사람들이 한데 어울린 제주 중문단지 내에 자리한 제주 스위트호텔은 고객을 한 번 더 생각하는 서비스를 통해 편안하게 머무를 수 있도록 모든 편의를 제공하고 있다.제주 스위트호텔은 객실 90개를 보유하고 있으며 포근하고 아늑한 객실은 언제 들어서더라도 깨끗함과 안락함을 느낄 수 있도록 늘 준비되어 있고 현대적인 감각에 발맞춰 모던하고 심플하게 꾸며져 있다. 호텔 내의 부대시설로는 대연회장, 중연회장, 소연회장, 실내수영장, 포르테(가족노래방), 편의점, 비즈니스센터, 기념품점, 발 마사지 샵 등이 마련되어 있다. 비즈니스맨을 위한 회의시설과 최첨단 장비를 갖춘 비즈니스센터는 고객들이 다양한 비즈니스를 진행하는 데 도움을 주고 있다. 그 밖의 무료 인터넷, 컴퓨터, 프린터, 복사, 팩스 및 전화 서비스도 제공하고 있다.또한 다양한 규모의 화려하고 격조 높은 맛을 풍기는 각 연회장에서는 기억에 남을 만한 연회를 연출하고 품격 있는 서비스를 제공하고 있다. 편안한 여행의 즐거움을 마음껏 만끽하고 삶의 여유와 넉넉함을 즐기며 추억으로 간직할 소중한 시간을 만들 수 있는 격조 높은 휴식처가 될 수 있도록 제주 스위트호텔은 항상 정성이 깃든 최고의 서비스를 제공하고 있다.',8,1,'/숙박/제주 스위트호텔.jpg','admin',NULL,NULL),(79,'제주 금강산콘도','숙박','33.3795865508','126.2502662709','63015','064-795-7800','제주특별자치도 제주시 한림읍 협재로 210-18			','제주 금강산콘도는 전원형 별장식 휴양콘도미니엄으로서 천혜의 자연경관을 이용한 전원속의 빌라 형태로 내장시설과 시스템을 갖춘 한 차원 높은 미래형 콘도이다. 제주도내 재릉관광단지인 협재해수욕장 인근에 위치한 제주금강산콘도는 천연 자연경관을 그대로 살린 전원 별장형 콘도로서 제주도내 콘도 중 최고 수준의 콘도를 목표로 완성된 콘도이다. 한림공원, 분재예술원, 비양도, 쌍룡굴 등 다양한 관광명소를 갖추고 있어 방문한 고객들로부터 큰 호평을 받고 있다.객실은 고객이 만족할 수 있도록 안락하고 편안하게 꾸며져 있으며 작은 소품 하나에도 세심한 정성을 다한 흔적이 역력하다. 피곤한 몸과 마음을 쉬어갈 수 있는 비즈니스맨과 관광객에게 최고의 호텔로 다가갈 것이다. 콘도 내의 부대시설로는 수영장, 슈퍼마켓, 야외행사장 등이 마련되어 있으며 모든 편리함이 갖추어진 최신 설비와 고객의 취향을 만족시켜주는 최상의 서비스를 통해 편안하고 안락하게 지내실 수 있도록 모든 편의를 제공하고 있다. 고객 여러분의 안락한 휴식과 품위 유지를 위해 전 직원들이 항상 최선을 다하며 정성된 마음으로 다가가고자 끊임없이 노력하고 있다.',8,1,'/숙박/제주 금강산콘도.jpg','admin',NULL,NULL),(80,'제주 선샤인호텔','숙박','33.5442887425','126.6618101092','63333','064-780-4100','제주특별자치도 제주시 조천읍 신북로 481-9			','제주선샤인호텔은 ‘조은산’에서 인수하여 1년여에 걸쳐 전면적인 개보수공사를 마치고 새로운 모습으로 탄생했다. ‘조은산’의 경영이념인 ‘진실된 마음, 넉넉한 마음, 나누는 마음’을 바탕으로 언제나 고객의 입장에서 고객편의를 우선으로 생각하고 실천하며 깨끗하고 편안한 호텔로 기억되기 위해 끊임없이 노력하고 있다. 맑고 깨끗한 옥빛바다 함덕해수욕장에 위치한 제주선샤인호텔은 가족휴양지 및 허니문, 워크숍, 세미나 등의 장소로 적합한 리조트형 호텔이다. 호텔 바로 앞에 해수욕장이 자리하고 있어 맑고 깨끗한 바다를 한눈에 감상할 수 있고 탁 트인 멋진 풍경과 파도소리를 들을 수 있다.또한 호텔 앞에는 넓고 푸른 잔디 광장이 있어 산책하기에도 좋으며 야외 테라스도 있어 휴양지로는 제격이다. 호텔 객실은 온돌 및 양실로 구분되어 등급별로 다양하게 준비되어 있으며 깔끔한 인테리어와 고급스러운 가구들로 편안하고 안락한 휴식처를 제공한다. 또 호텔 내부에 레스토랑, 카페, 바 등의 부대시설이 함께 운영되고 있어 단란한 가족 여행지로 안성맞춤이다.',8,1,'/숙박/제주 선샤인호텔.jpg','admin',NULL,NULL),(81,'사조리조트 제주','숙박','33.5517830527','126.7051311743','63339','064-782-8600','제주특별자치도 제주시 조천읍 일주동로 1616-7			','사조리조트 제주 휴양콘도미니엄은 제주의 하루는 어둠을 가르며 해가 솟아 오르는 일출봉의 장관으로 시작한다. 온 섬을 노랗게 물들이는 봄의 유채꽃, 여름의 쪽빛 바다, 가을 들판의 억색풀과 눈덮인 한라산이 기다리는 겨울~! 한라산의 품안에서 바다를 굽어보는 자리에 최고의 시설을 갖춘 호텔식 콘도미니엄이다. ',8,1,'/숙박/사조리조트 제주.jpg','admin',NULL,NULL),(82,'소노벨 제주','숙박','33.5414475505','126.6718093061','63333','1588-4888','제주특별자치도 제주시 조천읍 신북로 577			','소노벨 제주는 제주공항에서 불과 20km 거리에 위치하고 있으며 국제자유도시 함덕관광지구(46만㎡)에 펼쳐지는 초대형  리조트이다. 금방이라도 바다로 뛰어들어 항해를 시작할 듯한 호화유람선을 연상시키는 소노벨 제주에서 마치 지중해의 휴양지에 온 것처럼 환상적인 휴가의 추억을 남길 수 있다.안락하고 편안한 객실을 보유하고 있고  객실에는 다양한 설비를 갖추고 있으며, 고객을 한 번 더 생각하는 서비스를 통해 편안하게 머무를 수 있도록 모든 편의를 제공하고 있다. 또한 연회장 및 세미나실을 구비하고 있으며 팜가든, 스넥코너, 편의점, 빨래방, 사우나, 헬스클럽 등도 마련되어 있다. 고객 여러분의 안락한 휴식과 품위 유지를 위해 전 직원들이 항상 최선을 다하며 정성된 마음으로 다가가고자 끊임없이 노력하고 있다.',8,1,'/숙박/소노벨 제주.jpg','admin',NULL,NULL),(83,'제주이도펜션(구 제주펜트하우스)','숙박','33.2552762873','126.4901454413','63558','064-738-4450<br />064-738-4460','제주특별자치도 서귀포시 일주서로 166-61			','서귀포 칠십리 앞바다를 눈 아래 두고 한라산 한 자락을 베개 삼아, 다소곳이 자리 잡은 제주이도펜션은 고객의 소중한 시간을 더더욱 유익하고 편안하게 즐길 수 있게 해줄 것이다.다양한 크기의 객실과 넓은 공간에 격조 높은 인테리어, 실내장식은 고객의 품위를 더욱 높여주며 모든 편리함이 갖추어진 설비와 고객의 취향을 만족시켜주는 서비스를 통해 편안하고 안락하게 지내실 수 있도록 모든 편의를 제공하고 있다. 또한 30분 거리 내에 도내 모든 골프장이 위치해 있고, 각종 해양스포츠를 즐길 수 있는 서귀포항이 근접해 있어 편안한 레저생활을 할 수 있다. 또한 5분 거리 내에 월드컵경기장과 중문 서귀포의 빼어난 관광명소들이 인접해 있어 매우 편리한 휴식처이다.부대시설로는 수영장과 골프퍼팅연습장이 마련되어 있으며 고객 여러분의 안락한 휴식과 품위 유지를 위해 전 직원들이 항상 최선을 다하며 정성된 마음으로 다가가고자 끊임없이 노력하고 있다.',8,1,'/숙박/제주이도펜션(구 제주펜트하우스).jpg','admin',NULL,NULL),(84,'클럽다인리조트','숙박','33.4714751921','126.3512637615','63046','064-799-2600','제주특별자치도 제주시 애월읍 애월해안로 400-9			','다인리조트는 뚜렷한 사계절과 청정바다, 한라산과 기생화산인 오름들을 두루 갖춘 동북아 최고의 관광지이다. 세계 각국의 정상회담을 유치함으로써 국제 자유도시의 면모를 보여주고 있으며 평화의 섬으로 지정된 제주도의 ‘한국형 클럽메드’를 지향하는 리조트로 국내 최초의 풀옵션 해양마린 리조트를 갖추고 있다.제주시 애월읍에 위치한 ‘다인리조트’는 휴양지에 도착할 때부터 돌아가는 비행기를 타는 순간까지 차량과 레포츠, 관광 등을 모두 관리해준다. 회원에게는 제주공항 도착 및 출발 시 픽업서비스가 제공되며 골프와 승마, 요트 등 해양레포츠 관광일정도 챙겨준다. 다인리조트의 객실 내부는 벽난로, PDP, 다락방, 천연옥돌방 등 웰빙시설도 갖추고 있다. 건축자재는 캐나다산 원목을 사용해 고풍스런 분위기를 연출하고 겨울에는 따뜻함, 여름에는 시원함을 더해준다.부대시설로는 헬스클럽과 세미나실, 비즈니스룸, 유아놀이방, PC방, 바비큐장, 야외극장, 노래방, 편의점 등을 마련해두고 있다. 세일링 요트를 타고 선상파티도 즐길 수 있으며, 윈드서핑, 승마체험도 제공된다.',8,1,'/숙박/클럽다인리조트.jpg','admin',NULL,NULL),(85,'제주 칼 호텔','숙박','33.5056519667','126.5264921949','63194','064-724-2001','제주특별자치도 제주시 중앙로 151			','제주 칼 호텔은 1974년 2월 17일 최초 개관하여 제주 관광·역사에 있어 대전환기이자 새로운 출발점을 알리는 계기가 되었으며, 제주발전을 위한 선도적 기업으로 품격 높은 호텔이다. 제주국제공항으로부터 약 10분거리로 제주시 중심 번화가에 자리하고 있어 관광지의 접근성이 뛰어나며 제주도를 방문하는 모든 분들이 가장 편리하게 이용할 수 있을 뿐 아니라 시내 중심 가장 높은 곳에 자리잡고 있어 제주의  야경을 볼 수 있는 Business & Resort 호텔이다. 초현대적 리조트풍의 격조 높은 분위기와 세심한 서비스 속에서 품위와 편안함을 느낄 수 있는 제주 칼호텔은 공간 배치, 가구선택 하나하나에도 고객을 위한 마음과 정성이 배어 있다. 전문 요원들의 회의 보조진행 서비스 등 국제회의와 학술 세미나를 위해 완벽한 조건을 갖춘 대연회장과 가족 연회실에 이르기까지 세련된 분위기 속에 최고의 시간을 맞이할 수 있으며, 미식가들조차도 감탄하는 한·일·중·양식 전문 레스토랑에서는 미각의 향연을 즐길 수 있다. 제주 시내 곳곳을 한눈에 내려다볼 수 있고 에메랄드 빛 수평선 바다전망이 아름다운 객실은 포근한 침대와 오렌지 빛 조명으로 더욱 아늑한 실내 분위기를 자랑한다.그밖에도 카지노, 아케이드, 비즈니스센터, 실내수영장, 에어로빅룸, 남·녀 의류점, 토산품점, 꽃집, 잡화점, 스포츠용품점, 제주렌트카, 카페, 로비라운지, 제과점, 메인바 등의 부대시설을 마련해두고 있다.',8,1,'/숙박/제주 칼 호텔.jpg','admin',NULL,NULL),(86,'하와이관광호텔','숙박','33.4831344575','126.4914707498','63136','064-742-0061','제주특별자치도 제주시 사장3길 32			','제주의 특급 관광 우락시설이 밀집한 신제주 중심에 위치한 제주하와이호텔은  한라산과 자연의 경이로움으로 고객에게 감동을 선사한다. 객실은 고객이 만족할 수 있도록 편안하게 꾸며져 있으며 작은 소품 하나에도 세심한 정성을 다한 흔적이 역력하다. 피곤한 몸과 마음을 쉬어갈 수 있는 비즈니스맨과 관광객에게 호텔로 다가갈 것이다. 갖추어진 설비와 고객의 취향을 만족시켜주는 서비스를 통해 편안하고 안락하게 지내실 수 있도록  편의를 제공하고 있다.다양한 규모의 화려하고 격조 높은 맛을 풍기는 제주하와이호텔의 연회장에서는 기억에 남을 만한 연회를 연출하고 서비스를 제공한다. 또한 비즈니스맨을 위한 회의시설과 최첨단 장비를 갖춘 비즈니스센터에서는 고객들이 다양한 비즈니스를 진행하는 데 도움을 주고 있다. 그 밖의 무료인터넷, 컴퓨터, 프린터, 복사, 팩스 및 전화서비스도 제공하고 있다.',8,1,'/숙박/하와이관광호텔.jpg','admin',NULL,NULL),(87,'씨에스 호텔&리조트','숙박','33.2429182080','126.4198240376','63547','064-735-3000','제주특별자치도 서귀포시 중문관광로 198			','제주도 중문관광단지에서 한적하면서도 뛰어난 경관을 감상할 수 있는 곳이 베릿내다. 별이 내리는 개울이란 뜻을 가지고 있는 이곳은 중문의 오아시스 라 불린다. 바로 이 베릿내와 바다가 만나는 곳에 씨에스 호텔이 있다. 오른쪽에는 제주컨벤션센터가 바로 보이고 왼쪽으로는 중문해수욕장과 하얏트호텔이 보이는 경관 좋은 곳이다. 또한 제주도의 여행 트랜드로 자리잡은 올레길 제8코스가 호텔을 통과하고 있는 것도 이곳만의 자랑이다.이곳에는 전통 한옥 두 채가 있다. 고당과 초당이라 이름 붙여진 객실은 완전히 개별적인 독채 형식이다. 씨에스호텔에서도 바닷가와 가장 가까운 맨 아래쪽에 지어져 있어 제주에서 가장 아름다운 잠자리 중 하나로 꼽힌다. 제주 전통의 초가집 외관에 내부는 전통 선비집으로 꾸몄다. 찻상이 놓인 대청마루 양쪽으로 온돌방과 침대방이 각각 하나씩 갖춰져 있다. 방에서 나오면 바로 마당인데, 울창한 해송이 시원한 그늘을 만들고, 햇빛 강한 바다 쪽에는 자그마한 풀장과 선베드까지 놓여있다. 객실에서도 바다가 보이지만 마당에 나서면 발 아래까지 파도가 넘실댄다.굳이 고당과 초당이 아니라도 씨에스 호텔은 객실 모두가 독립적으로 꾸며져 있다. 마치 제주의 집 한 채씩을 임대하는 느낌이다. 뿐만 아니라 모든 객실에서 바다와 문섬을 바라볼 수 있다. 호텔의 오른쪽으로는 제주도의 푸르름이 느껴지는 알드르 잔디광장과 산책로가 자리하고 있는데 야자수와 잔디가 어우러진 산책로로 바다를 보며 가족, 연인과 거닐며 여가를 즐길 수 있다. 산책로를 따라가다 보면 끝은 바다를 통하고 있어 바닷가를 걷는 기분을 느낄 수 있다. 또한 \'태양을 삼켜라\', \'꽃보다 남자\', \'눈의 여왕\', \'궁\', \'미안하다 사랑한다\' 등의 촬영 장소로도 유명하며 \'상상플러스\' 등 국내 유명 방송의 촬영지로도 널리 알려져 있는 곳이다.',8,1,'/숙박/씨에스 호텔&리조트.jpg','admin',NULL,NULL),(89,'신성리조트','숙박','33.2424948134','126.5185571536','63572','064-739-0114','제주특별자치도 서귀포시 이어도로 989			','신성리조트는 제주 서귀포 바다와 웅장한 한라산을 정경으로 넓은 푸른 잔디와 열대 야자수, 두 개의 야외수영장을 갖춘 아름다운 리조트 휴양 시설로 모든 객실이 바다를 조망할 수 있도록 세심한 주위를 기울였다. 또한 골프, 등산, 바다낚시, 스킨스쿠버 등 다양한 여과 활동을 위하여 신뢰 있는 제휴 업체를 통하여 편리하고 저렴한 패키지 상품을 제공함과 동시에 최고의 레저, 휴식공간이 되고자 노력하고 있다. 한식당 ‘앙끄레’에서는 푸른 바다와 범섬을 바라보며 제주의 맛과 정취를 느껴볼 수 있다. ‘앙끄레’는 제주 사투리로 ‘안채’라는 뜻이다. 또 단체식당은 고품격의 인테리어가 돋보이는 아늑한 공간으로 200명이 동시에 식사를 즐길 수 있다. 세미나실은 스크린과 빔프로젝터 등 회의장비가 완비된 세미나 전용공간이며 연회장은 각종 단체 모임 및 기업연수, 가족연회 등 다양한 단체 행사에 적합한 최신의 시설과 장비 등을 갖추고 있다.범섬이 한눈에 들어오는 신성리조트의 정원인 야외가든에서는 꿈과 낭만, 아름다운 추억을 만들 수 있다. 이처럼 신성리조트는 다양한 부대시설을 갖추고 있으며, 고객을 한 번 더 생각하는 서비스를 통해 편안하게 머무를 수 있도록 모든 편의를 제공하고 있다.',8,1,'/숙박/신성리조트.jpg','admin',NULL,NULL),(90,'제주로얄호텔','숙박','33.4885171979','126.4916706108','63124','064-743-2222','제주특별자치도 제주시 신대로12길 45			','제주시에서도 가장 중심가에 위치한 제주로얄호텔은 제주도 유일하게 전 종사자가 제주도민에 의해 운영되는 호텔로 제주도만이 갖는 독특한 분위기와 정서를 마음껏 느낄 수 있다. 신제주 중심가에 위치해 있어서 공항은 물론 제주도청, 교육청, 경찰청, 도의회, KBS, MBC등 제주도의 주요기관이 도보 거리에 있고 북쪽으로는 제주공항과 바다를 한눈에 볼 수 있으며 남쪽으로는  한라산을 감상할 수 있다.제주로얄호텔은 주변에 쇼핑을 할 수 있는 재래시장 및 쇼핑센터 등이 있으며 산책할 수 있는 공원이 바로 근처에 있고 바닷가나 해수욕장 등 관광할 수 있는 부분은 택시로 10분이면 원하는 곳을 다닐 수 있다. 지하층은 부대시설로서 남·여사우나가 있으며 1층에는 로비와 커피숍, 식당이 있고 2층에는 소연회장과 한·일식당, 3층부터 9층까지는 객실층으로 한실 19객실, 양실 89객실, 합계 108객실로 이루어져 있다. 또 10층에는 가요주점과 대연회장을 확보하고 고객을 맞이하고 있다.',8,1,'/숙박/제주로얄호텔.jpg','admin',NULL,NULL),(91,'소노캄 제주(구 샤인빌 리조트)','숙박','33.3060421741','126.7929069544','63626','02-1588-4888','제주특별자치도 서귀포시 표선면 일주동로 6347-17			','신이 주신 아름다운 섬 제주, 그 제주 남단 표선 해안가에 위치한 소노캄 제주는 가장 가까이 바다와 만나는 곳으로 해안쪽에 정원과 산책로가 아름답게 꾸며져 있는 리조트 호텔이다. 소노캄 제주는 안락하고 편안한 객실 414개를 보유하고 있으며 휴식과 레저에서 비즈니스까지 고객을 위한 원스톱 서비스를 제공하는 복합 문화 휴양 공간이다. 네오클래식풍의 특급 호텔형 객실로 이루어진 메인 빌딩 ‘샤인빌’과 신관 ‘럭셔리’는 66㎡부터 397㎡까지 12가지 객실 타입으로 구분되며 가족은 물론 연인, 친구, 동호회 회원 등 다양한 고객의 구미에 맞게 준비되어 있다. 빌라형의 개인 별장 개념을 도입한 ‘로얄빌’은 객실 48개로 바다를 실내로 끌어들였다고 해도 과언이 아닐 만큼 푸른 바다를 바로 눈앞에서 만날 수 있는 점이 인상적이다. 90㎡, 138㎡, 221㎡, 351㎡으로 구분되며 편안하고 품격 있는 객실은 각종 CF, 드라마의 단골 촬영지이기도 하다. 보다 편안한 서비스를 위해 한·중·양·일식의 레스토랑과 가라오케, 바, 노래방, 인터넷 카페, 피트니스센터와 사우나, 바다와 맞닿은 듯한 실외수영장, 14개의 국제회의장 및 연회장, 3천 명을 동시 수용 가능한 야외 잔디 광장, 씨사이드 바비큐장 등 다양한 부대시설을 갖추고 있다.또한 제주의 빼어난 경관과 원시 자연림을 그대로 조성하여 천연의 자연 조건을 갖추고 있는 ‘샤인빌 CC’ 그리고 국내 최초로 서비스되는 청정 해수(海水) 요법의 ‘딸라소 떼라피(SPA)’, 호텔 고객만을 위한 프라이빗 비치 ‘팜 비치’는 소노캄 제주에서만 누릴 수 있는 특혜이다.',8,1,'/숙박/소노캄 제주(구 샤인빌 리조트).jpg','admin',NULL,NULL),(92,'서귀포 귤림성','숙박','33.2503192271','126.5360193536','63571','064-739-3331','제주특별자치도 서귀포시 일주동로 8941			','이색적인 천혜 감귤밭에서 느끼는 고품격의 펜션하우스 공간, 체험관광을 위한 33,000㎡ 규모의 다채로운 삶의 체험 현장들이 마련되어 있다. 제주의 전통 초가에서 서구식 전원주택, 핀란드식 통나무까지 다양한 분위기와 시설을 바탕으로 제주도의 정과 멋스러움까지 느끼고 갈 수 있는 특색 있는 펜션이다.또한 귤림성 내에 있는 서부작 박물관은 1,000여종의 야생초가 계절마다 자라고 있고, 물을 흠뻑 먹은 제주의 돌에서는 신비한 생명력을 느낄수 있다.',8,1,'/숙박/서귀포 귤림성.jpg','admin',NULL,NULL),(93,'한화리조트 제주','숙박','33.4488572540','126.6380671275','63330','064-725-9000','제주특별자치도 제주시 명림로 575-107			','한화호텔앤드리조트는 1979년  콘도미니엄 건설을 통하여 레저산업에 첫발을 디딘 이후 현재 전국에서 가장 많은 직영 콘도 체인 및 골프장을 운영하고 있으며, 다양한 범주의 푸드 서비스를 고객에게 제공하고 있다.제주한화리조트는 43평화공원, 노루생태관찰원 맞은편에 있는 콘도미니엄으로 주변에 절물자연휴양림 등 볼거리가 많고 가을이면 특히 리조트 주변의 억새밭이 아름답다.부대시설로는 수산품점, 토산품점, 오락실, 여행정보 안내데스크, 슈퍼마켓, 렌터카샵, 대중골프장, 파크골프장, 테라피센터 등이 마련되어 있다. 넉넉한 여유를 느낄 수 있는 객실에는 다양한 최신 설비를 갖추고 있으며, 고객을 한 번 더 생각하는 서비스를 통해 편안하게 머무를 수 있도록 모든 편의를 제공하고 있다.',8,1,'/숙박/한화리조트 제주.jpg','admin',NULL,NULL),(94,'제주월드컵경기장','레포츠','33.2462886912','126.5092023235','63572','064-760-3623','제주특별자치도 서귀포시 월드컵로 33(법환동)','발 아래로 스탠드가 놓여있고 4계절 푸른 잔디가 지하 14m 아래에 자리한 특이한 형태를 지녔고 경기장 스탠드 위와 데크 등 곳곳에서 푸른 바다와 그 위에 점점이 떠있는 섬과 한국 제일의 한라산을 한눈에 볼 수 있는 주변의 자연과 조화를 이루는 경기장이다.',3,1,'/레포츠/제주월드컵경기장.jpg','admin',NULL,NULL),(95,'비자림청소년수련원','레포츠','33.4917108543','126.8113344460','63351','064-782-7001','제주특별자치도 제주시 구좌읍 비자숲길 55(구좌읍)','비자림청소년수련원은 제주시 구좌읍 평대리 비자숲길에 위치한 청소년 수련시설이다.',3,1,'/레포츠/비자림청소년수련원.jpg','admin',NULL,NULL),(96,'메종글래드호텔 수영장(실외)','레포츠','33.4856424724','126.4889236922','63132','','제주특별자치도 제주시 노연로 80(연동)','제주 메종글래드호텔내에 있는 실외수영장이다. 아름다운 정원 속에 위치하여 아늑하고 편안한 휴식을 즐길 수 있다.',3,1,'/레포츠/메종글래드호텔 수영장(실외).jpg','admin',NULL,NULL),(97,'제주도 스쿠터 여행사 한라하이킹','레포츠','33.5130953887','126.5140597738','63152','','제주특별자치도 제주시 용두암길 50-1(용담이동)','제주 한라하이킹은 제주국제공항에서 5분거리, 제주항 여객터미널에서 8분 거리의 용두암 관광지에 위치하고 있는 스쿠터 및 자전거 하이킹 전문샵이다. 자전거 또는 스쿠터를 타고 아름다운 해안절경이 펼쳐진 제주해안도로를 달리는 기분이란 말로 이루어 표현할 수 없는 진한 감동으로 다가올 것이다. 초보자도 얼마든지 탑승이 가능하며 승하차가 간편하기 때문에 렌트카를 이용하는 것보다 오히려 더 섬세한 제주관광을 하실 수 있으리라 본다. 온라인 예약도 가능하다.한라하이킹에서는 각종 제주도의 체험 및 관광지 소개, 쿠폰 판매, 숙박 업소 알선도 하고 있다.',3,1,'/레포츠/제주도 스쿠터 여행사 한라하이킹.jpg','admin',NULL,NULL),(98,'중문골프클럽','레포츠','33.2542473811','126.4114439561','63535','','제주특별자치도 서귀포시 중문관광로72번길 60(색달동)','중문관광단지에 위치한 중문골프클럽은 해안절벽을 따라 30여만평 부지에 18홀 규모로 1981년에 조성되었다. 국내 유일의 해안코스로서, 연중무휴로 운영중이다. 수려한 주변경관과 단지내의 다양한 관광시설들을 이용할 수 있어 관광의 즐거움을 더해준다.* 특징- 수려한 자연경관과 계곡을 낀 국내유일의 해안코스- 양잔디로 시공, 연중 푸르고 쾌적한 코스- 제주 고유 자생식물과 아열대식물 식재- 국내 최장의 코스거리(B.T. 6,820m)- 회원제 골프장이지만, 국내외 관광객 이용기회를 확대하기 위하여 관광객 공유개념의 비회원제 운영- 최대 내장객 유치를 위한 인코스, 아웃코스 동시 티업- 철저한 사전예약제 운영(경기개시 1개월 전부터 예약접수)으로 예약질서 확립 및 외국관광객 우선 예약- 코스내 착시현상 (내리막, 오르막이 뒤바뀌어 보임)을 보이는 홀(8,11홀) 보유- 2004년 PGA TOUR 신한 코리아 골프 챔피언십개최- 인근호텔에서 도보 5분 거리에 위치함',3,1,'/레포츠/중문골프클럽.jpg','admin',NULL,NULL),(99,'우도','레포츠','33.5065448466','126.9533634561','63365','','제주특별자치도 제주시 우도면 우도로 153\n			','우도는 소가 누워있는 모양을 닮았다고 해서 일찍부터 소섬 또는 쉐섬으로 불리웠다. 원만한 경사와 옥토, 풍부한 어장, 우도팔경 등 천혜의 자연조건을 갖춘 관광지로써 한해 약 200만 명의 관광객이 찾는 제주의 대표적인 부속섬이다. 민박 등이 가능하고 다양한 낚시를 할 수 있으나 등대 밑을 제외한 전 지역은 수심이 평균 2~3m이기 때문에 파도가 높거나 야간이, 아니면 낚시가 안된다.',3,1,'/레포츠/우도.jpg','admin',NULL,NULL),(100,'신흥바다낚시공원','레포츠','33.5512932840','126.6469556842','63332','','제주특별자치도 제주시 조천읍 조함해안로 247-2\n			','제주시 조천읍 신흥바다낚시공원은 함덕해수욕장에서 제주시 방향으로 5분 이내 거리에 위치하여 접근성이 편리하다. 이곳은 기상 상황에 관계없이 사계절 언제든 안전하게 남녀노소, 초보자도 안전하게 낚시를 즐길 수 있는 제주 유일의 바다낚시 공원이다. 직접 고기도 낚고 생선회도 즐길 수 있어 제주 바다에서 낚시체험과 싱싱한 활어를 동시에 즐길 수 있으며 10명 이하 인원의 경우 예약제를 운용하지 않고, 낚시터 수용 인원이 초과할 경우엔 매표 대기 순으로 입장 가능하다. 뱃멀미 없이 안전하게 바다낚시를 즐길 수 있는 전국적으로도 손꼽히는 시설을 자랑하며, 1인 기준이 아닌 낚싯대 사용 기준으로 입장료를 적용함으로써 가족 단위 및 단체로 가도 부담 없이 즐길 수 있다.',3,1,'/레포츠/신흥바다낚시공원.jpg','admin',NULL,NULL),(101,'사려니숲길','레포츠','33.4014158790','126.6757260497','63622','','제주특별자치도 서귀포시 표선면 가시리 붉은오름 입구\n			','사려니숲길은 제주의 숨은 비경 31곳 중 하나로, 비자림로를 시작으로 물찻오름과 사려니 오름을 거쳐가는 삼나무가 우거진 숲길이다.\n사려니오름까지 이어지는 숲길이기 때문에 사려니숲길이라고 불린다.\n‘사려니’는 ‘신성한 숲’ 혹은 ‘실 따위를 흩어지지 않게 동그랗게 포개어 감다’라는 뜻으로 숲길을 거닐면 상쾌한 삼나무 향에 포개진 듯한 느낌을 받을 수 있다.\n빽빽한 삼나무뿐만 아니라 졸참나무, 서어나무, 때죽나무, 편백나무 등 다양한 수종이 서식하고 있다.\n다양한 수종이 서식하기 때문에 오소리와 제주족제비를 비롯한 포유류, 팔색조와 참매를 비롯한 조류, 쇠살모사를 비롯한 파충류 등의 보금자리가 되기도 한다.\n사려니숲길은 본래 숲의 모습이 많이 훼손되지 않아 트래킹을 좋아하는 여행자들이 즐겨 찾는다.\n지난 2002년 유네스코가 지정한 제주 생물권 보전지역(Biosphere Resev)이기도 하다.\n숲보호를 위해 자연휴식년제로 \'물찻오름\'은 탐방을 제한했었으나, 한시적으로 이곳을 개방하는 <사려니숲 에코힐링(Eco-Healing)> 행사가 열리기도 했다.',3,1,'/레포츠/사려니숲길.jpg','admin',NULL,NULL),(103,'제주레포츠랜드㈜','레포츠','33.4821813471','126.6381496945','63344','','제주특별자치도 제주시 조천읍 와흘상서2길 47\n			','제주 동쪽 조천읍 와흘에 위치한 제주레포츠랜드는 국내 최대규모의 카트체험장이다.산악버기카, 짚라인, 제주도내 최대시설을 자랑하는 서바이벌게임장, 사계절썰매장 등 다양한 체험시설을 가지고 있는 복합 휴양체험공간이다. 또한 펜션 및 게스트하우스가 있으며 다양한 부대시설도 갖추고 있다.',3,1,'/레포츠/제주레포츠랜드㈜.jpg','admin',NULL,NULL),(104,'중문진실캠핑장','레포츠','33.2527226588','126.4183711669','63546','','제주특별자치도 서귀포시 천제연로 132(중문동)','중문진실캠핑장은 제주 중문 관광단지 천제연공원 내에 위치한 캠핑장으로 중문마을회에서 운영한다. 천제연 폭포 소리를 들으면서 휴양할 수 있어 인기다. 풀과 나무가 많고, 사이트는 데크로 구성되어 있으며, 간격이 넓어서 옆 사이트의 방해 없이 쉴 수 있다. 문화재 관리구역이라 장작 사용이 제한되어 있고, 바비큐용 숯불 이용은 허용된다. 텐트 및 캠핑 용품을 대여 가능하다. 중문 단지에 위치하고 있어, 도보로 편의점, 대형마트, 다양한 식당, 관광지 등을 갈 수 있어 편리하다.',3,1,'/레포츠/중문진실캠핑장.jpg','admin',NULL,NULL),(105,'제주빅볼랜드','레포츠','33.3902678945','126.3754384839','63041','','제주특별자치도 제주시 애월읍 산록서로 15\n			','빅볼이란 3.2m의 커다란 원형 플라스틱 공안에 1.8m의 또 다른 공이 들어 있어 그 안으로 사람이 들어가 언덕이나 비탈길을 구르며 내려오는 신종 레포츠이다. 1996년 뉴질랜드에서 개발된 뒤 오스트레일리아, 영국, 독일, 한국 등으로 확산되어 현재 세계 20여개국에 보급되어 있다. 특별한 강습없이 누구나 즐길 수 있는 레포츠이다.',3,1,'/레포츠/제주빅볼랜드.jpg','admin',NULL,NULL),(106,'월정 투명카약','레포츠','33.5638551242','126.7786717322','63043','','제주특별자치도 제주시 구좌읍 월정리 1400-33\n			','월정리 해안은 투명카약을 즐기는 최고의 명소다. 동체가 투명한 카약을 타고 내려다본 바다는 맑고 깨끗하며 운이 좋으면 물고기들을 만날 수도 있다. 투명카약 체험장은 북적이는 해변과 조금 거리가 있어 훨씬 한적하고 여유롭게 시간을 보낼 수 있으며 수심이 깊지 않고 물결도 잔잔해 초보자들도 무리 없이 즐길 수 있다.※ 반려견 동반 여행 정보- 맑고 깨끗한 바다위에서 반려견과 함께 힐링타임- 2인 동반시 탑승가능- 반려견 구명조끼 미제공',3,1,'/레포츠/월정 투명카약.jpg','admin',NULL,NULL),(107,'어라운드폴리','레포츠','33.4158196384','126.8359757176','63632','','제주특별자치도 서귀포시 성산읍 서성일로 433\n			','어라운드폴리는 제주특별시 서귀포시 성산읍 서성일로 433에 위치하고 있다. 기존의 호텔과 캠핑의 경계를 허물며 신개념 캠핑 문화를 선보이고 있다. 제주도 중산간의 아름다움과 개성있는 숙소를 경험할 수 있다. 1인 캠핑 장비부터 가족단위로 이용할 수 있는 캠핑 장비까지 캠핑을 처음 경험하는 사람도 쉽게 이용할 수 있도록 준비되어 있다.',3,1,'/레포츠/어라운드폴리.jpg','admin',NULL,NULL),(108,'팜핑제주','레포츠','33.2689661655','126.4725799912','63555','','제주특별자치도 서귀포시 중산간서로400번길 105(도순동)','제주도 서귀포의 활오름 부근에 위치한 팜핑제주는 카라반 전용 캠핑장으로, 모두 7대의 카라반이 있다. 차량이 없는 경우 대중교통으로는 접근이 어렵고 근처에 마트도 없지만, 미리 예약하면 서귀포 이마트나 중문농협 하나로마트에서 픽업 서비스를 받을 수 있어 장을 보고 픽업 서비스를 이용하면 편리하다. 카라반들은 다소 노후되었으나 깨끗하게 관리되고 있고, 바비큐 이용 숯과 그릴이 무료로 제공된다. 밤이면 불멍을 하고 별들을 바라보며 감성 캠핑을 할 수 있다.',3,1,'/레포츠/팜핑제주.jpg','admin',NULL,NULL),(109,'제주컨트리클럽','레포츠','33.4277863122','126.5723066482','63310','','제주특별자치도 제주시 516로 2695\n			','제주의 명산 한라산의 대자연을 배경으로 넓고 푸른 태평양을 조망할 수 있는 골프장이다. 50여년이 넘는 오랜 전통과 역사를 가진 한국골프의 산증으로 국민체육향상과 가족단위의 스포츠 장소로 각광 받고 있다.',3,1,'/레포츠/제주컨트리클럽.jpg','admin',NULL,NULL),(110,'대유랜드','레포츠','33.2776445400','126.3950726325','63548','','제주특별자치도 서귀포시 상예로 381(상예동)','한라산록의 광활한 초원 어디서나 꿩, 멧비둘기를 비롯하여 많은 조수가 서식하고 있어 제주도 전역이 수렵장으로 최적지이며, 특히 제주도에 서식하고 있는 꿩은 타지방의 꿩보다 빛깔과 색깔이 아름다워 외국 수렵인들의 사랑을 받고 있다. 약 120만평 규모의 대유수렵장은 상설로 운영되고 있다. 여기서 잡을 수 있는 조수로는 주로 꿩으로 누구나 일정액의 입렵료만 내면 언제든지 무제한의 사냥을 즐길 수 있다.이 수렵장에는 약 800평 규모의 꿩을 기르는 사육장과 클럽하우스 그리고 야외 사격장이 있다. 이 수렵장은 8㎞ 떨어진 중문관광단지와 함께 중요한 관광권역을 이루고 있다.',3,1,'/레포츠/대유랜드.jpg','admin',NULL,NULL),(111,'제주항방파제','레포츠','33.5181617247','126.5284806266','63276','064-758-8877','제주특별자치도 제주시 서부두길 22(건입동)','연안낚시터로서 계절과 시간을 가리지 않고 조황이 좋아 늘 꾼들이 붐빈다. 테트러포스에서 던질낚시를 하면 스릴있는 손맛을 즐길 수 있다. 인근에 연안낚시터로 감성돔과 농어, 참돔이 많이 올라오는 용두암 일대를 들 수 있다.  최근 8월~10월 사이에 농어 밤낚시로 자리가 없을 때가 많다. 또한, 이곳에서는 매년 \'전국바다낚시대회\'가 개최되어 많은 관광객들이 참여한다.',3,1,'/레포츠/제주항방파제.jpg','admin',NULL,NULL),(112,'말 테마파크 골프장 (렛츠런파크 제주)','레포츠','33.4042417055','126.3980250961','63066','','제주특별자치도 제주시 애월읍 평화로 2144(애월읍)','※ 코로나바이러스감염증-19 공지사항※ 내용 : 가족공원 미운영(~ 별도 안내시까지) 제주경마공원에서 제주테마파크 조성사업의 일환으로 도내 최대규모의 파크골프장을 개장하게 되었다. 파크골프는 골프와 게이트볼을 융합한 생활스포츠로서 어린아이부터 노인에 이르기까지 남녀노소 누구나 함께 즐길 수 있는 가족형 레저스포츠이다.',3,1,'/레포츠/말 테마파크 골프장 (렛츠런파크 제주).jpg','admin',NULL,NULL),(113,'서귀포시청소년수련관','레포츠','33.2607119261','126.4982279520','63558','','제주특별자치도 서귀포시 중산간서로 97-1(강정동)','서귀포시 월드컵 연습구장으로 사용됐던 강창학공원 옆에 위치한 서귀포시청소년수련관은 \'98 4.28 개관하여 인터넷정보실 등 청소년 문화공간을 갖추어 운영하고 있다. 공연장은 어린이 재롱잔치, 강연회, 연극제 등 각종 발표회장으로 사용되고 있다.',3,1,'/레포츠/서귀포시청소년수련관.jpg','admin',NULL,NULL),(114,'캐슬렉스제주 골프클럽','레포츠','33.3402563388','126.3488696895','63523','','제주특별자치도 서귀포시 안덕면 평화로 1241(안덕면)','한라산과 한림바다가 한눈에 들어오는 남제주군 안덕면에 위치한 캐슬렉스제주 골프클럽은 1995년 개장 이래 국내 최초로 미국여자프로 골프협회 공식투어인 삼성월드챔피언쉽 여자 골프대회를 유치하는 등 제주를 대표하는 골프클럽으로 인정받고 있다.',3,1,'/레포츠/캐슬렉스제주 골프클럽.jpg','admin',NULL,NULL),(115,'차귀도 바다낚시','레포츠','33.3126173995','126.1506180904','63008','064-740-6001','제주특별자치도 제주시 한경면 노을해안로\n			','차귀도는 제주시 서쪽 고산리 앞바다의 와도, 대섬, 지실이섬을 통틀어 일컫는다.\n* 와도 - 감성돔 명소, 텐트설치 가능\n* 대섬 - 차귀도의 본섬이다.\n* 지실이섬 - 대형급 낚시터로서 우리나라 갯바위 낚시터의 대명사라 불리우는 명소이다. 돌돔 낚시의 최상의 포인트로 항시 사람의 왕래가 빈번하다. 등대가 있는 작은 선착장 뒷편은 우럭과 노래미, 감성돔이 자주 낚이고, 특히 촛대바위에서 대물이 나온다.\n※ 차귀도 위치 - 제주 제주시 한경면 고산리',3,1,'/레포츠/차귀도 바다낚시.jpg','admin',NULL,NULL),(116,'블랙스톤 골프클럽','레포츠','33.3377949264','126.3124118005','63020','','제주특별자치도 제주시 한림읍 한창로 925-122\n			','원형의 아름드리 나무들을 그대로 옮겨 놓아, 유구한 역사를 가진 외국의 명문 코스를 연상케 한다. 국내 유일하게 네 개의 홀 전경이 한눈에 보이는 레이아웃으로 감탄을 자아내는 1번홀에서 출발하여, 남쪽 코스로 접어들면 다양한 오름들의 수묵화 같은 풍경이 펼쳐지고, 북쪽코스 7,8홀에서는 한라산의 장엄한 모습이 자연에 대한 경외심을 불러 일으킨다.',3,1,'/레포츠/블랙스톤 골프클럽.jpg','admin',NULL,NULL),(117,'한라산컨트리클럽','레포츠','33.4442146132','126.5448419945','63242','','제주특별자치도 제주시 선돌목동길 56-46(오등동)','한라산C.C에는 은하수에 닿을만큼 높은 한라산의 푸른 기상과 600년 넘게 한결같이 제주를 지켜온 산천단 곰솔의 굳은 의지가 담겨져 있다. 600년 넘게 지켜온 곰솔의 푸르름과 곧은 기상이 살아있는 한라산 중턱 해발 400m 고지, 제주를 가장 잘 아는 제주 토박이의 한 사람으로써 아껴두고 싶고 또한 자랑하고 싶은 곳에 한라산 컨트리클럽을 지었다. 뒤로는 한라산의 절경이 든든하고 앞으로는 푸른 남해의 수평선이 시원하게 펼쳐진 이곳에 한겨울에도 기온과 바람 걱정이 없는 골프장을 만들기 위해 10여년 연구와 노력을 아끼지 않았다. 하늘을 받치듯 곧게 뻗은 곰솔과 다정스레 모여 앉은 돌무지 하나까지 제주의 참모습을 그대로 살린 자연주의 골프클럽 한라산 컨트리클럽은 살아 숨쉬는 대자연의 한가운데에 생동감 넘치는 그린을 더한 최고의 골프클럽임을 자부한다. 세계 100대 골프장으로 선정된 나인브릿지C.C의 설계디자이너 데이비드 데일과 역시 세계 100대 골프장으로 선정된 핀크스 골프클럽의 건설사 부건종합건설(주)가 만나 최고의 기술과 노하우로 탄생하였다.',3,1,'/레포츠/한라산컨트리클럽.jpg','admin',NULL,NULL),(118,'제주청소년수련원','레포츠','33.3776143276','126.2363341931','63016','064-796-0924','제주특별자치도 제주시 한림읍 금능남로 128(한림읍)','주변에 40년생 소나무군락이 형성된 산림지대로 대자연과 접할 수 있고, 인접지에 협재해수욕장, 한림공원, 협재용암동굴, 비양도, 분재예술원, 차귀도 등 바다와 육지에서 즐길 수 있는 자연환경이 수려한 지역으로 청소년에 대한 심성수련 터전을 마련하여 학교 교육기능의 보완역할을 수행함은 물론, 일상생활속에서 더불어 사는 지혜와 공동체의식을 체득할 수 있는 연수공간을 제공하여 건전한 청소년을 육성하며 수학여행을 겸한 수련활동, 기업체연수 및 공무원 연수교육, 전지훈련, 지역주민의 전통문화활동, 세미나 장소 등으로 최적지이다.\n※ 설 치 자 - 제주시장\n※ 운 영 자 - (재)청소년과 사람사랑\n※ 주최사업 - 자체 프로그램운영',3,1,'/레포츠/제주청소년수련원.jpg','admin',NULL,NULL),(119,'크라운컨트리클럽','레포츠','33.5284188131','126.6952159042','63339','064-784-4811','제주특별자치도 제주시 조천읍 북선로 125(조천읍)','제주 골프장 중에서 해발이 가장 낮은 곳에 위치하여 지리적 입지조건은 최상이기 때문에 연중무휴 라운딩이 가능하다.\n최근 이용객의 보다 쾌적한 골프 환경을 제공하기 위하여 과감한 투자를 시행, 31실 규모의 골프빌리지를 완공하였고 클럽하우스 및 코스는 리노베이션 공사를 통하여 새 단장을 단행했다.',3,1,'/레포츠/크라운컨트리클럽.jpg','admin',NULL,NULL),(120,'성읍승마장','레포츠','33.3985735348','126.7871331230','63624','','제주특별자치도 서귀포시 표선면 번영로 2650\n			','성읍승마장은 제주도의 아름다운 자연 경관을 배경으로 넓은 마장을 갖춤으로써 사계절 동안 언제든지 승마운동을 즐길 수 있다. 그리고 성읍승마장은 제주도 최초의 승마장으로 20년 넘는 전통과 성읍만의 노하우를 자랑하고, 초보자들도 쉽고 안전하게 승마를 즐길 수 있도록 지원하고 있으며 다양한 코스를 준비하여 제주도의 낭만을 말을 타고 즐길 수 있다. 교육과 훈련이 잘된 말들만을 다량 보유하고 있어 남녀노소 모두가 즐길 수 있다. 승마장비는 무료로 대여하고 있고, 넓은 주차공간으로 인하여 주차시 혼잡을 최소화 하고 있다.',3,1,'/레포츠/성읍승마장.jpg','admin',NULL,NULL),(121,'한라산 트레킹','레포츠','33.3927306237','126.4948724979','63077','','제주특별자치도 제주시 1100로 2070-61\n			','한라산은 화산분출로 생성된 산이어서 육지 산과는 다른 독특한 지형을 가지고 있다. 한반도의 대부분의 산들이 능선과 골짜기로 이루어진 반면 한라산은 \'양변의 기울기가 다소 완만한 삼각형 모양의 단면(순상화산)을 이룬다. 이 경사면을 따라 4개의 등산로가 있는데, 동쪽의 성판악 코스와 서쪽의 영실, 어리목 코스, 북쪽의 관음사 코스, 남쪽의 돈내코 코스가 있다.한라산은 등산로가 10km 이내로 거리가 짧아, 정상까지 당일 등,하산이 가능하다. 또한 등산로가 잘 정비되어 있어 길을 잃거나 조난 당할 우려는 적다. 그러나 기상변화가 심하고 바람이 세어서, 장비없이 무작정 산행에 나섰다가 낭패를 보는 경우가 많다. 관음사 지구 야영장을 제외하고 모든 등산로에서는 취사와 야영이 금지되어 있다. 1988년부터 한라산에서는 \'자기쓰레기 되가져오기 운동\'을 전개하여서 등산객들도 깨끗한 한라산 만들기에 동참하고 있다. 그리고 당일 등산을 원칙으로 하기 때문에 계절별로 일몰시간을 기준으로 입산통제가 이루어지므로 미리 입산 시간을 확인하는 것이 좋다.한라산 등반코스* 어리목 (6.8km / 3시간) : 어리목-사제비동산-윗세오름-남벽분기점* 영실 (5.8km / 2시간 30분) : 영실-병풍바위-윗세오름-남벽분기점* 성판악 (9.6km / 4시간 30분) : 성판악입구-속밭-사라악-진달래밭-정상* 관음사 (8.7km / 5시간) : 관음사야영장-탐라계곡-삼각봉-정상* 어승생악 (1.3km / 30분) : 어승생탐방안내소-어승생악* 돈내코 (7km / 3시간 30분) : 탐방안내소-평궤대피소-남벽분기점* 석굴암 (1.5km / 50분) : 충혼묘지 주차장-석굴암',3,1,'/레포츠/한라산 트레킹.jpg','admin',NULL,NULL),(122,'제주 조랑말타운','레포츠','33.4079305951','126.7722286455','63624','','제주특별자치도 서귀포시 표선면 번영로 2486\n			','제주 조랑말타운은 조랑말 위에서 펼쳐지는 러시아 후예들의 환상적인 마상마예공연 그 짜릿함을 경험할 수 있는 곳이다.',3,1,'/레포츠/제주 조랑말타운.jpg','admin',NULL,NULL),(123,'제주해양레저','레포츠','33.2432598241','126.4190129892','63547','','제주특별자치도 서귀포시 중문관광로 192\n			','중문관광단지 내 안전하고 스릴있게 해양레포츠를 즐길 수 있는 국내 유일의 체험관광상품이다. 중문대로 주상절리대, 중문해수욕장, 형제섬, 송악산, 범섬 및 기암절벽의 해안 절경과 동시에 한라산의 아름다운 비경을 낙하산을 타고 최저 30m에서 최고 200m 상공에서 만끽할 수 있다.',3,1,'/레포츠/제주해양레저.jpg','admin',NULL,NULL),(124,'이어도 승마장','레포츠','33.4290157599','126.8580651683','63631','','제주특별자치도 서귀포시 성산읍 서성일로 688(성산읍)','3만평의 넓은 초원에서 말을 타고 재미있고 신나게 즐길 수 있도록 만들어진 곳이다. 말을 오랜 시간에 걸쳐 젊은 기수들이 교육을 잘 시켜 초보자들이 쉽게 탈 수 있다. 성산일출봉을 등지고 앞으로는 제주에서 가장 멋있고 웅장한 한라산이, 양옆으로는 멋있는 오름들이 솟아 아름다운 경치를 뽐내고 있다. 적토마, 백마, 흑마 등 다양한 색의 혼자탈 수 있는 교육이 잘된 멋있는 말 약 20필정도와 망아지를 포함한 약 80필정도를 기르고 있다. (1992년 6월 11일 개장)',3,1,'/레포츠/이어도 승마장.jpg','admin',NULL,NULL),(125,'에버리스골프리조트','레포츠','33.3782551238','126.3621038003','63038','','제주특별자치도 제주시 애월읍 평화로 1693-75\n			','기나긴 세월의 흐름이 빚어낸 우대한 자연과 인간의 무한 도전이 어우러진 대한민국 최고의 정통 골프장이 바로 에버리스골프리조트이다. 오름, 바다, 돌, 바람, 억새 등 제주의 자연을 담아 코스에 상징성을 부여했으며 구릉지 특성과 계절에 따른 변화무쌍한 수종들로 식재한 조경은 마치 별천지에서 라운딩하는 듯한 플레이의 묘미와 감동을 선사한다.동쪽으로는 멀리 한라산이 조망되고 서쪽으로는 광활한 목초지와 바다가 그림처럼 펼쳐진다. 남쪽으로는 다양한 형태의 오름이 제주 특유의 지형적 특성을 뽐내고 가미된 이국적인 정취는 에버리스 CC만의 비경으로 자리하게 된다.',3,1,'/레포츠/에버리스골프리조트.jpg','admin',NULL,NULL),(126,'송당승마장','레포츠','33.4364796714','126.7381920554','63355','','제주특별자치도 제주시 구좌읍 번영로 2015\n			','제주 여행에서 빠질 수 없는 승마를 즐길 수 있는 송당승마장은 단거리코스부터 산책코스까지 다양한 승마 코스가 있으며 1시간 자유승마도 가능하다. 남녀노소 모든 연령이 즐길 수 있으며 처음 승마를 접하는 초보자들도 교관들의 친절한 지도하에 쉽고 즐겁게 승마를 배울 수 있다.',3,1,'/레포츠/송당승마장.jpg','admin',NULL,NULL),(127,'오라컨트리클럽','레포츠','33.4482081134','126.5132502034','63144','','제주특별자치도 제주시 오라남로 130-16(오라이동)','오라컨트리클럽은 영주십경중의 하나인 한라산 영구춘화 계곡을 따라 그림처럼 펼쳐지는 2,018,369㎡의 대자연 위에 국제수준의 36홀 코스를 갖춘 제주도의 대표적인 골프장이다. 쾌적하고 다양한 부대시설을 갖추어 365일 연중무휴로 푸른 잔디 위에서 라운딩이 가능하며, One Caddie One Bag System 운영과 차별화된 고객서비스를 제공한다.* 오라CC 인근 벚꽃길 *이제 막 소문나기 시작한 소소한 핫플인 오라컨트리클럽 인근의 벚꽃길에는 먼저 왕벚꽃이 폈다지면 더 큰 겹벚꽃이 피어나 4월 내내 꽃놀이를 즐길 수 있다.',3,1,'/레포츠/오라컨트리클럽.jpg','admin',NULL,NULL),(128,'오케이 승마장','레포츠','33.4028035598','126.7832055888','63624','','제주특별자치도 서귀포시 표선면 번영로 2595\n			','오케이승마장은 성읍민속마을 부근에 위치한 외승 전문 승마장이다. 초보자 기본 교육이 진행되며 기수가 동행한다.  10만평의 광활한 초원, 작은 오름과 억새밭 삼나무가 우거진 새로운 세계에서 자연, 인간, 동물, 삼위일체로 호흡하는 승마만이 느낄 수 있는 체험을 경험 할 수 있다. ',3,1,'/레포츠/오케이 승마장.jpg','admin',NULL,NULL),(129,'서진승마장','레포츠','33.4343380177','126.7242349815','63346','','제주특별자치도 제주시 조천읍 비자림로 1118\n			','제주시 조천읍 교래리 정석 항공관 입구에 위치하고 있다. 초보자도 언제든지 안전하게 말을 탈 수 있는 곳으로, KBS 2TV 체험 삶의 현장 방영된 곳이기도 하다.',3,1,'/레포츠/서진승마장.jpg','admin',NULL,NULL),(130,'알프스승마장 포니','레포츠','33.3984571317','126.8026956656','63624','','제주특별자치도 서귀포시 표선면 서성일로 73\n			','알프스승마장 포니는 제주도 서귀포시 표선면 성읍리에 위치한 승마장이다.\n알프스승마장 포니의 코스는 푸른 초원을 달리는 초원코스, 대초원과 오름을 배경으로 달리는 낮은동산코스의 승마체험과 먹이주기 체험이 있다.',3,1,'/레포츠/알프스승마장 포니.jpg','admin',NULL,NULL),(131,'홀스랜드(어승생승마장)','레포츠','33.4257880081','126.4904193601','63078','','제주특별자치도 제주시 1100로 2659(노형동)','어승생승마장은 10여만평에서 승마, 목장체험을 동시에 즐길 수 있는 복합레저 단지이다. 제주 유일 미국 서부를 테마로 한 공간이다. 10여만평에 이르는 넓은 초지가 있어, 말을 타고 초원을 달릴 수 있다. 외승을 나가지 않더라도 구보로 400m 이상을 쉬지 않고 전력질주 할 수 있다. 또한 말에 처음 오르는 초보자도 교관의 도움을 받으면 평보부터 속보·경속보·구보까지 원스텝으로 경험할 수 있는 프로그램이 있다. 26년이나 된 승마장이라 안전에 대한 노하우도 갖추고 있다. 해발 530M에 위치하여, 날씨가 좋은 날에는 에메랄드빛 제주바다를 볼 수 있고 멀리 추자군도까지 시선이 미친다. 고개를 들면 웅장한 한라산이 눈앞에 서 있다.',3,1,'/레포츠/홀스랜드(어승생승마장).jpg','admin',NULL,NULL),(132,'라온골프클럽','레포츠','33.3394969174','126.2742984087','63005','','제주특별자치도 제주시 한경면 용금로 998\n			','세계적인 극상림 지대의 천연 난대림 속에 위치해 코스 설계에서부터 시공에 이르기까지 원시 자연 그대로 보전, stone,lake,pine 세 코스는 돌,호수,소나무에 의해 저마다 독특하고 개성있는 풍광자랑, 한라산과 사방 7개의 오름, 그리고 제주의 푸른 바다가 절묘한 조화를 이룬 환상적인 코스이다.',3,1,'/레포츠/라온골프클럽.jpg','admin',NULL,NULL),(133,'탐라승마장','레포츠','33.4330602647','126.7169550866','63346','','제주특별자치도 제주시 조천읍 비자림로 1044\n			','1983년에 오픈한 탐라승마장은 31년 전통을 지닌 승마장이다. 80여두의 잘 훈련된 한라마와 조랑말을 보유하고 있으며, 처음 타는 초보자도 쉽게 승마할 수 있다.',3,1,'/레포츠/탐라승마장.jpg','admin',NULL,NULL),(134,'제주제트(중문)','레포츠','33.2384245706','126.4395613149','63543','','제주특별자치도 서귀포시 대포로 172-5(대포동)','제주제트(주)의 제트보트는 수년간 검증된 뉴질랜드의 제트보트를 직수입하여 해상 레져의 안전과 즐거움을 제공하는데 최선을 다하고 있다.',3,1,'/레포츠/제주제트(중문).jpg','admin',NULL,NULL),(135,'성산일출봉 [유네스코 세계자연유산]','관광지','33.45811112','126.9415156','63643','064-710-7923','제주특별자치도 서귀포시 성산읍 일출로 284-12','해발 180m인 성산 일출봉은 약 5,000년 전 제주도 수많은 분화구 중에서는 드물게 바닷속에서 수중폭발한 화산체이다. 용암이 물에 섞일 때 일어나는 폭발로 용암은 고운  화산재로 부서져 분화구 둘레에 원뿔형으로 쌓여 있다. 원래는 화산섬이었지만 신양해수욕장 쪽 땅과 섬  사이에 모래와 자갈이 쌓여 육지와 연결이 된 것이다. 일출봉 정상에는 지름 600m, 바닥면의 높이 해발 90m에 면적이 214,400㎡(성산일출봉 분화구의 면적)나 되는 분화구가 자리한다. 이곳에서  이장호 감독의  영화 \'공포의 외인구단\'의 한 장면이 촬영되기도 했다. 농사를 짓기도  했는데 지금은 억새밭을 이루며 우도가 손에 잡힐 듯 보인다. 예로부터 이곳 성산일출봉 정상에서 바라보는 일출광경은 영주10경(제주의 경승지) 중에서 으뜸이라 하였다.  넘실대는 푸른 바다 저편 수평선에서 이글거리며 솟아오르는 일출은 온 바다를 물들이고 보는 이의 마음까지도 붙잡아 놓으며 보는 이로 하여금 저절로 감탄케 한다. 지방기념물로 관리하다 2000년 7월 19일 천연기념물로 지정된 곳이다.',1,1,'/관광지/성산일출봉 [유네스코 세계자연유산].jpg','admin',NULL,NULL),(136,'표선 해비치 해변','관광지','33.32564354','126.8396358','63629','064-740-6000','제주특별자치도 서귀포시 표선면 민속해안로(표선리)','서귀포시 표선면 표선리에 위치한 표선해수욕장은 총 면적 158,678m²(48,000여 평)의 해수욕장으로, 백사장 길이 200m, 폭 800m 다. 썰물 때에는 원형의 백사장을 이루고, 밀물 때에는 수심 1m 내외의 원형 호수처럼 되어 때에 따라 다른 분위기를 느낄 수 있으며 물이 빠진 단단한 백사장은 아이들이 놀기에도 알맞은 곳이다. 정면으로 볼 수 있는 일출이 유명하며, 백사장 모래는 조개껍데기가루로 형성된 것인데 신경통으로 고생하는 사람들이 모래찜질을 하면 특효를 보는 것으로 알려져 있다. 매년 8월이면 천혜의 아름다운 표선백사장을 소재로 다양한 프로그램과 알찬 내용이 담긴 표선해변백사대축제가 개최되고 있다. 편의시설로는 야영장, 주차장, 탈의장, 샤워장이 있으며 인근에 성읍민속마을과 제주민속촌이 있다.',7,1,'/관광지/표선 해비치 해변.jpg','admin',NULL,NULL),(137,'방선문','관광지','33.4542936092','126.5169053','63147','제주관광정보센터 064-740-6000<br>제주시 관광정책과 064-710-3314<br>제주시 녹색환경과 064-728-2742<br>','제주특별자치도 제주시 오라이동39-1','제주시를 관통하는 한천 상류 약 6km 지점에 효성이 지극한 나뭇꾼이 신선을 만났다는 전설을 가진 방선문(訪仙門)이 있다. 전설에 의하면 방선문은 신선세계로 통하는 문으로 신선세계와 인간세계의 경계로, 옛날 백록담에서는 매년 복날이면 하늘에서 선녀들이 내려와 목욕을 했는데 이때마다 한라산 산신은 방선문 밖 인간세계로 나와 선녀들이 하늘로 돌아갈 때까지 머물러 있어야만 했었다. 그런데 어느 복날 미처 방선문으로 내려오지 못한 한라산 산신이 선녀들이 목욕하는 모습을 훔쳐보고 말았고, 이에 격노한 옥황상제가 한라산 산신을 하얀 사슴으로 만들어 버렸다고 한다. 그 뒤 한라산 산신은 매년 복날이면 백록담에 올라가 슬피 울었고, 하얀 사슴의 연못이라는 백록담의 이름은 이 전설에서 유래한 것이다.또한, 방선문 일대는 한국 고전문학 중 해학소설의 백미이자 판소리 열두마당의 하나인\'배비장전\'의 무대이기도 하다. 예부터 제주에 부임한 목사를 비롯한 지방관리뿐만 아니라 유배인까지 많은 선인들이 이곳에서 풍류를 즐겼고, 방선문 곳곳에는 그들이 남긴 마애명이 많이 남아 있는데\'訪仙門\' ,\'登瀛丘\'등을 비롯해 50여개의 마애명이 남아있다. 철따라 아름다운 경치를 자아내지만 특히 봄철의 진달래꽃은 영주 12경의 하나로 꼽힐만큼 아름답다. 부근에는 높이 10m, 너비 30~50m의 오등동계곡이  있어 한결 운치를 더해준다.',4,1,'/관광지/방선문.jpg','admin',NULL,NULL),(138,'알뜨르비행장 및 일본군 비행기 격납고','관광지','33.2031230704','126.2727654572','63513','064-740-6000','제주특별자치도 서귀포시 대정읍 상모리1670','2차 대전 당시 일본군들이 제주도민을 강제 동원하여 건설한 전투기 격납고 이다. 비행장, 관제탑, 대공포진지, 격납고 등이 보전되어 있으며, 비행장, 관제탑, 대공포진지, 격납고 등을 견학할 수 있다. 또한 인근 4.3유적지 및 송악산 일본군 해안절벽 진지동굴과 함께 일본군 전쟁유적 및 우리나라의 비극적인 현대사의 유적을 체험할 수 있다.',4,1,'/관광지/알뜨르비행장 및 일본군 비행기 격납고.jpg','admin',NULL,NULL),(139,'산지천','관광지','33.5162064090','126.5299610984','690-050','064-728-4412','제주 제주시 건입동','산지천(山地川)은 제주시 최고의 번화가인 동문시장 입구 맞은편에 흐르는 하천이다. 산업화가 한창이던 1960년대에 산지천을 복개(覆蓋)하여 주택과 상가건물이 형성되면서 환경오염되는 문제가 생기자 1995년도에 산지천을 문화와 역사의 모습 그대로 되살리기 위한 복원사업을 시작하여 2002년 맑은 물이 흐르는 현재의 산지천 모습을 갖게 되었다. 지금 산지천 물속에는 은어(銀魚), 숭어, 밀어(密魚), 붕어 등의 민물고기들이 서식하고 있어 여름철이면 낚시를 즐기는 사람들과 아이들이 수영하는 모습을 종종 볼 수 있다.산지천 하류인 포구는 고기낚는 돛배와 백로, 갈매기가 어우러진 광경이 아름다워 영주10경(瀛州十景) 중의 하나인 산포조어(山浦釣漁), 즉 바다낚시로 유명한 곳이다. 특히 산지천이 끝나는 곳에는 \'중국피난선(中國避難船)\'을 복원하여 전시하고 있는데 이곳은 누구든지 관람이 가능하다. 또한 하천을 따라 산책로와 공원, 음악분수대를 조성하고, 매년 여름과 겨울에는 지역관광 활성화를 위해 \'산지천 예술마당\'과 같은 역사생태하천인 산지천 산책과 함께 즐길 수 있는 다양한 문화행사ㆍ공연이 펼쳐져 많은 사람들에게 사랑을 받고 있다.',4,1,'/관광지/산지천.jpg','admin',NULL,NULL),(140,'만장굴 (제주도 국가지질공원)','관광지','33.5280478463','126.7706788052','63348','제주도 국가지질공원 064-710-3945<br />관람문의 064-710-7903','제주특별자치도 제주시 구좌읍 만장굴길 182(구좌읍)','제주시 구좌읍 김녕리에 위치하는 만장굴은 전체길이 약 7,400 m, 최대 높이 약 25 m, 최대 폭 약 18 m로서 제주 세계자연유산의 한 부분인 거문오름용암동굴계(황상구 외, 2005)에 속하는 용암동굴이다. 특히 주 통로는 폭이 18m, 높이가 23m에 이르는 세계적으로도 큰 규모의 동굴이다. 전 세계에는 많은 용암동굴이 분포하지만 만장굴과 같이 수십만 년 전에 형성된 동굴로서내부의 형태와 지형이 잘 보존되어 있는 용암동굴은 드물어서 학술적, 보전적 가치가 매우 크다. 만장굴은 동굴 중간 부분의 천장이 함몰되어 3개의 입구가 형성되어 있는데, 현재 일반인이 출입할 수 있는 입구는 제2입구이며, 1㎞만 탐방이 가능하다. 만장굴 내에는 용암종류, 용암석순, 용암유석, 용암유선, 용암선반, 용암표석 등의 다양한 용암동굴생성물이 발달하며, 특히 개방구간 끝에서 볼 수 있는 약 7.6m 높이의 용암석주는 세계에서 가장 큰 규모로 알려져 있다.<출처 : 제주도세계지질공원>',4,1,'/관광지/만장굴 (제주도 국가지질공원).jpg','admin',NULL,NULL),(141,'선임교','관광지','33.2470559950','126.5547483594','63539','064-738-1529','제주특별자치도 서귀포시 중문로105번길 37','천제연 폭포 위쪽에 있는 아치형의 선임교는 칠선녀다리라고도하며, 국내최초로 고유의 오작교 형태로 건설되었고 양쪽면에 각각 다른 악기를 든 선녀들이 구름을 타고 하늘로 올라가는 아름답고 웅장하게 조각된 일곱선녀상이 새겨져 있다. 구름다리, 선녀다리, 칠선녀다리, 칠선녀교, 선임교 등으로 불리워지는 것 만큼이나 유명하다. 칠선녀교라고도 하는 선임교(仙臨僑)는 천제연의 2단과 3단폭포 중간쯤에 위치해 폭포와 중문관광단지를 이어주는 아치형 철제다리이다.국내 최초로 우리 고유의 오작교 형태로 꾸며놓은 선임교 양쪽 옆면에는 칠선녀의 전설을 살려 각각 다른 악기를 든 아름답고 웅장하게 조각된 일곱 선녀상이 있으며, 한 개의 길이가 20미터나 되는 14개의 선녀상은 방문객들의 눈길을 끈다. 다리 길이는 128m이고 폭4m로 230톤 무게를 견딜 수 있다. 또한, 야간 관광에 대비하여 1백개 난간사이에 34개의 석등이 설치되어 있다.',4,1,'/관광지/선임교.jpg','admin',NULL,NULL),(142,'월정사(제주)','관광지','33.4667615657','126.5100972799','63147','064-742-7755','제주특별자치도 제주시 아연로 216-5(오라이동)','제주 오라동에 있는 사찰로 대한불교 조계종 제23교구 본사인 관음사(觀音寺)의 말사로 1934년에 창건하였으며, 2001년 10월 25일에는 전통 사찰로 지정되었다.',4,1,'/관광지/월정사(제주).jpg','admin',NULL,NULL),(143,'다희연','관광지','33.4871596654','126.7061797858','63341','064-783-0882','제주특별자치도 제주시 조천읍 선교로 266','제주도 제주시 조천읍 선흘리 일대 6만 평 대지에 자리잡은 경덕원(炅德院)은 국내 최고 수준의 친환경 녹차를 생산하는 다원이다. 제주도는 연평균 온도가 섭씨 16도를 유지해야 하고, 뿌리가 쉽게 썩어 물이 잘 빠지는 녹차 재배의 최적의 조건을 갖추고 있다.에버그린루체 야외정원은 화산이 폭발하면서 흘러내린 용암에 의해 생성된 조그만 동굴들을 활용한 곳이다. 동굴연못과 동굴다리 그리고 제주 자생수와 야생화 등이 어우러져 있다. 이브홀은 동굴 천정이 뚫린 부분에 있다. 사방에 동공들이 뚫려 있는데 가장 긴 것은 30여 미터까지 된다. 여기에는 박쥐도 서식하고 있어 운이 좋으면 직접 볼 수도 있다.  이브홀은 터널같은 동굴을 통과하여야 들어갈 수 있다.경덕원 정상부(그린루체)와 입구(이브홀)에 각각 자리한 두 곳의 동굴 카페에서는 천연 녹차 발효빵, 녹차 쿠키, 녹차 머핀, 녹차라떼, 천연 녹차 발효즙 카테킹 등이 판매되고 있다. ',4,1,'/관광지/다희연.jpg','admin',NULL,NULL),(144,'천제연폭포','관광지','33.2526559999','126.4184294967','63546','064-760-6331','제주특별자치도 서귀포시 천제연로 132(중문동)','천제연폭포는 옥황상제를 모시는 칠선녀가 별빛 속삭이는 한밤중이면 영롱한 자주빛 구름다리를 타고 옥피리 불며 내려와 맑은 물에 미역감고 노닐다 올라간다고 하여 천제연(天帝淵) 곧 하느님의 못이라고 부르게 되었다는 유래가 있다. 울창한 난대림지대 사이로 3단 폭포가 떨어지는 모습은 실로 장관인데 제1폭포에서 떨어져 수심 21m의 못을 이루고, 이 물은 다시 제2폭포, 제3폭포를 거쳐 바다로 흘러 들어간다. 특히 제1폭포가 떨어지는 절벽 동쪽의 암석동굴 천정에서는 이가 시리도록 차가운 물이 쏟아져 내리는데 예로부터 백중, 처서에 이 물을 맞으면 모든 병이 사라진다고하여 많은  사람들이 찾았으나 지금은 수영이 금지돼 있다. 천제연계곡에는 아름다운 일곱 선녀상을 조각한 \'선임교\'라는 아치형 다리와 \'천제루\'라고 불리우는 누각이 세워져 있어 주변경관을 한층 더 돋보이게 한다.천제연 주변의 난대림 안에는 제주도에서도 가장 희귀한 식물의 일종인 솔잎난이 자생하며 담팔수, 구실잣밤나무, 조록나무, 참식나무, 가시나무류, 빗죽이나무, 감탕나무 등의 상록수와 푸조나무, 팽나무 등이 혼효림을 이루고 있다. 덩굴식물로는 바람등칡, 마삭풀, 남오미자, 왕모람 등이 많이 자라고 관목류로는 자금우돈나무 백량금, 양치식물로는 석위, 세뿔석위, 일엽, 바위손 등이 울창하게  어우러져 잘 보존되고 있다. 제1폭포 서쪽 암벽에 있는 담팔수는 식물 지리학적 측면에서 학술가치가 높아 지방 기념물로 별도 지정돼 있는데, 한라산 천연보호구역의 하나로 지정 보호되고 있는  천제연계곡에는 20여 그루의 담팔수가 자생하고 있다.* 선임교 국내 최초로 민족 고유의 오작교 형태로 꾸민 선임교 양쪽 옆면에는 칠선녀의 전설을 소재로 조각한 아름다운 칠선녀상이 있으며, 야간에는 100개 난간 사이에 34개의 석등에 불을 밝혀 칠선녀의 다리를 거니는 이들에게 색다른 분위기를 안겨준다.',1,1,'/관광지/천제연폭포.jpg','admin',NULL,NULL),(145,'제주공룡랜드','관광지','33.4428046493','126.4323712429','63064','제주공룡랜드 064-746-3060','제주특별자치도 제주시 애월읍 광령평화2길 1			','제주도 문화유산 1주년에 발맞춰 한·중·일 합작으로 공룡을 테마로한 가족공원인 “제주공룡랜드”를 2007년 8월 14일에 개장하게 되었다. 중국과학원 고척추생물 및 고인류연구소 (IVPP)의 철저한 고증과 일본 DM사의 기술을 바탕으로 현재까지 발견된 공룡 가운데 가장 큰 공룡인 높이 28m의 브라키오사우루스, 육식공룡 티라노사우루스, 사납기로 유명한 벨로시랩터, 3개의 뿔이 달린 초식공룡 트리케라톱스 등 200여 마리의 다양한 작동과 고정 공룡들이 전시되어 있다. 공원 내부에는 공룡들이 알을 낳고 부화하는 과정 등이 첨단 컴퓨터그래픽으로 재현되고 성대 복원으로 공룡의 생생한 소리도 들을 수 있는 공룡동굴생태 체험관과 과거 공룡들이 살던 시대로의 여행을 테마로한 3D 입체영화관, 기초과학의 발판인 지구 46억 년 전 희귀화석, 신생대, 중생대, 고생대의 진품화석광물, 운석, 공룡 골격화석들이 자연사 박물관에 일목 요연하게 전시되어 있다.',5,1,'/관광지/제주공룡랜드.jpg','admin',NULL,NULL),(146,'점보빌리지','관광지','33.2763404987','126.3055443214','63521','064-792-1233','제주특별자치도 서귀포시 안덕면 평화로319번길 31-11(안덕면)','점보빌리지는 동남아에서 온 코끼리와 현지 조련사가 관람객과 함께 즐기는 코끼리 주제 쇼로, 관람객이 직접 참여하는 공연이 함께 준비되어 있다. 또한, 관람객이 직접 참여하는 공연 코너에서는 더욱 가까이서 코끼리 주제 쇼를 경험할 수 있도록 준비하고 있다. 공연 후에는 전통의상을 차려 입은 동남아 현지 조련사와 함께 기념 촬영을 할 수 있으며, 코끼리와 함께 뜻깊은 기념 촬영도 할 수 있다. 그리고 코끼리 등에 올려진 동남아 전통 의자에 앉아 느긋하게 코끼리 트래킹을 경험할 수도 있다.',4,1,'/관광지/점보빌리지.jpg','admin',NULL,NULL),(147,'한라산 영실','관광지','33.3402306397','126.4803110551','63554','한라산국립공원 관리소 064-713-9950~1<br /> 영실지소 064-747-9950','제주특별자치도 서귀포시 영실로 246(하원동)','제주 한라산은 자연휴식년제를 실시 중인 돈내코 코스를 제외한 다섯 개의 탐방코스가 있다. 관음사, 어리목, 영실, 성판악을 기점으로 하는 코스와 어리목 부근의 기생화산인 어승생악 코스가 있다. 한라산 최고의 가을 단풍코스로는 단연 영실코스를 들 수 있다. 한라산 서측 99번 국도를 따라가면 어리목 입구를 지나 1100고지 휴게소를 넘어서 약 4km쯤 내려가면 영실입구 삼거리에 도착한다. 삼거리에서 매표소까지는 약 3km 거리. 매표소에서 영실휴게소까지는 다시 30~40분 정도 걸어 올라가야 한다. 영실 탐방코스(영실∼윗세오름)는 3.7km로 대략 1시간 40분 정도 소요된다. 영실휴게소를 출발하여 1km 남짓 비교적 완만한 길로 힘들이지 않고, 주변 수목과 영실 계곡 단풍을 즐기며 쉬엄쉬엄 오를 수 있다.본격적으로 들쭉날쭉한 기암괴석이 시야에 들어오기 시작하는 오르막길로 접어들면 가파른 산길이 능선을 따라 이어진다. 등산로 아래로 깊게 팬 영실 계곡과 주변을 둘러친 웅장한 거벽은 아마도 이곳이 과거의 거대한 화산분출구가 아니었나 짐작케 한다. 병풍바위를 지나면서부터는 다시금 평탄한 산길이 나타나고 휘파람을 불며 거닐만큼 편안한 등산로가 윗세오름휴게소까지 이어진다. 한라산 영실의 첫번째 매력은 영주십경(瀛州十景)의 하나인 영실기암을 들수 있다. 해발 1,400∼1,600m 지점의 거대한 계곡 우측에 천태만상의 기암 괴석들이 즐비하게 하늘을 찌를 듯 솟아 있다. 옛부터 \'오백나한\', 또는 \'오백장군\' 이라 불리우기도 하는 영실기암은 깊어가는 한라산 단풍을 배경으로 가을 한라산의 진수를 펼쳐보인다.병풍 바위에서 불어오는 산바람에 잠시 숨을 돌리고 땀을 식힌 다음, 내친 걸음에 윗세오름까지, 마치 광활한 활주로에 멀리 떡하니 버티고 있는 듯한 한라산 화구벽은 영실 가을산행의 또 다른 매력으로 다가온다. 여유가 있다면 윗세오름에서 북쪽 하산길로 접어 들어 봄철 철쭉으로 유명한 만세동산, 사제비 동산을 지나 약수 한모금 들이키고 이어지는 어리목으로의 하산을(1시간 40분소요) 권할 수 있다. 모름지기 국토 최남단의 영산 한라산의 더할나위 없는 가을단풍 산행의 진수라 할 수 있다.',4,1,'/관광지/한라산 영실.jpg','admin',NULL,NULL),(148,'쇠소깍','관광지','33.2521787368','126.6231006558','63600','쇠소깍 관광안내소 064-732-1562','제주특별자치도 서귀포시 쇠소깍로 128(하효동)','제주도 서귀포시 하효동에 있는 쇠소깍은 원래는 소가 누워있는 형태라 하여 쇠둔이라는 지명이었는데, 효돈천을 흐르는 담수와 해수가 만나 깊은 웅덩이를 만들고 있어 ‘쇠소깍’이라고 붙여졌다. 쇠는 소, 소는 웅덩이, 깍은 끝이라는 의미를 담고 있다. 쇠소는 용암이 흘러내리면서 굳어져 형성된 계곡 같은 골짜기로 이름 만큼이나 재미나고 독특한 지형을 만들고 있다. 쇠소깍은 서귀포칠십리에 숨은 비경 중 하나로 깊은 수심과 용암으로 이루어진 기암괴석과 소나무숲이 조화를 이루면서 아름다운 풍광을 연출한다.  쇠소깍이 위치한 하효동은 한라산 남쪽 앞자락에 자리 잡고 있어 감귤의 주산지로 유명하여 마을 곳곳에 향긋한 감귤 냄새가 일품이다. 주변에는 주상절리대와 중문해수욕장, 천제연 폭포 등 유명한 관광지가 많아 함께 둘러보기에 좋다.',4,1,'/관광지/쇠소깍.jpg','admin',NULL,NULL),(149,'하고수동해변','관광지','33.5142746145','126.9574573668','63365','064-740-6000','제주특별자치도 제주시 우도면 연평리			','푸른빛이 감도는 아름다운 해수욕장! 일명 `싸이판 해변`으로 불린다. 밀가루를 밟는 듯한 부드러운 모래와 얕은 수심으로 가족단위로 수영을 즐기기에 좋다. 해수욕장의 모래밭에서 조개 껍질을 주을 수 있다. 여름밤이면 멸치잡이배들의 휘황찬란한 불빛들이 앞바다를 수놓아 불꽃놀이의 장관을 연출한다.',1,1,'/관광지/하고수동해변.jpg','admin',NULL,NULL),(150,'제주절물자연휴양림','관광지','33.4400774642','126.6252156649','63313','064-728-1510','제주특별자치도 제주시 명림로 584			','제주 절물 자연휴양림은 제주시 봉개동 기생화산 분화구 아래 1997년 7월 23일 개장하였다. 총 300ha의 면적에 30∼45년생 삼나무가 주종을 이루며, 인공림이 200ha 자연림이 100ha이다. 삼나무와 곰솔 조림지에 조성된 산책로와 그늘공간은 바다에서 불어오는 시원한 바람과 절묘한 조화를 이뤄 한 여름에도 시원한 한기를 느낄 수 있다. 휴양림에 주 수종을 이루고 있는 삼나무는 60년대 중반부터 이 지역에 잡목을 제거하고 식재한 것이다. 이곳 삼나무 우량조림지는 자연휴양림으로 개발되면서 전국에서 가장 많은 사람이 방문하는 유명한 산림 휴식공간을 제공하고 있다. 휴양림 내에는 산책로, 약수터, 폭포, 연못, 잔디광장, 목공예체험장, 운동시설, 어린이 놀이시설, 숙박시설 등 다양한 시설이 갖추어져 있어 가족끼리 혹은 연인끼리 오붓한 한 때를 보낼 수 있다. 산책로는 비교적 완만하고 경사도가 낮고 계단이 없이 시설되어 약자나 어린이도 편하게 이용할 수 있으며, 보호자를 동반하면 휠체어 장애인도 다닐 수 있다. 기생화산인 절물오름은 해발 697m이며, 정상까지는 1시간 정도면 충분히 왕복이 가능하다. 절물오름 정상에는 전망대가 있어 말발굽형 분화구를 볼 수 있으며, 날씨가 좋은 날이면 동쪽으로 성산일출봉이, 서쪽으로는 제주에서 제일 큰 하천인 무수천이, 북쪽으로는 제주시가 한 눈에 보인다.아무리 날이 가물어도 결코 마르지 않는다는 약수터는 신경통 및 위장병에 특효가 있다고하며, 제주도에서 분기1회, 제주시에서 월1회 수질 검사를 하는 사시사철 흘러나오는 깨끗한 물이다. 조선시대에 가뭄이 들어 동네우물이 모두 말랐을 때에도 주민들 식수로 이용했을 정도로 풍부한 수량을 자랑한다. 휴양림내에는 다양한 동식물이 서식하고 있는데, 휴양림 주종인 삼나무 이외에 소나무, 올벚나무, 산뽕나무 등의 나무와 더덕, 드릅 등의 나물종류도 다양하게 분포하고 있고, 큰오색딱따구리, 까마귀, 휘파람새등 다양한 조류가 서식하고 있으며 새벽과 저녁 무렵에 노루가 풀을 뜯는 것을 볼 수 있다. 휴양림 인근에는 생태숲, 노루생태관찰원, 사려니 숲길, 43평화공원, 돌문화공원 등 많은 관광지들이 분포하고 있다.',1,1,'/관광지/제주절물자연휴양림.jpg','admin',NULL,NULL),(151,'서귀포자연휴양림','관광지','33.3108197268','126.4630826543','63554','064-738-4544','제주특별자치도 서귀포시 1100로 882			','산에 돌이 많기 때문에 물은 산에서 쉽게 흘러내려 땅밑으로 스며든다. 이 물이 땅끝에 닿아 솟아 오르고 이를 식수로 쓰기 위해 사람들은 근처에 촌락을 이룬다. 이렇게 형성된 집성촌이 바로 제주의 용수촌이다. 제주도의 촌락은 모두 땅끝 바닷가에 위치했기 때문에 산자락에서 마을을 이루는 경우는 거의 없었고 인적도 드물었다. 사람의 왕래가 적었기 때문에 그 황폐화 정도가 적은 제주도의 산은 그 산세와 수목, 야생동물 등이 그대로 보존되어 있는 것으로 유명하다.서귀포자연휴양림은 인공조림의 요소를 가능한 한 줄이고 제주도 산과 숲 그대로의 특징을 살려 쾌적한 휴양과 산림욕을 즐길 수 있는 우리나라 최남단의 자연 휴양림이다.해발고도 700m에 위치한 휴양림 내의 온도는 서귀포시내와 10°C 정도의 차이가 나는데 이로 인해 특히, 봄부터 가을까지 가족, 친구들과 함께 질 좋은 삼림욕과 산책, 캠핑을 마음껏 즐길  수 있는 곳이다.서귀포 시내에서 자연휴양림까지는 자동차를 타고 30분 정도가 소요된다. 산아래에 도착한 후 휴양림까지 잘 닦여진 도로를 따라 오르다 보면 우리나라 다른 곳에서는 볼 수 없는 여러가지 이국적인 수종들을 맘껏 구경할 수 있다.  또 도로가 굽어지는 곳곳마다 차를 세워 발 밑에 펼쳐지는 아름다운 서귀포시가지와 바다 풍경을 내려다보는 재미도 맛볼 수 있다.휴양림 안으로 들어서면 사방이 온통 푸른 나무들로 가득하여 녹음이 짙다.  길 하나가 숲을 둥글게 돌아가며 나 있다. 신을 벗고 맨발로 길을 따라 걷다보면 향긋하고 시원한 내음이 코 끝에 가득하다. 이 내음은 피톤치드라는 향기로 식물이 살균, 살충작용을 위해 내뿜는 것이고 사람이 이를 마시거나 피부에 접촉하면 심신이 맑아지고 건강에 좋다고 한다. 숲의 곳곳에는 산막, 산림욕장, 캠프파이어장, 취사장, 오토캠프장 등의 시설물이 조성되어 있다. 자연을 해치지 않기 위해 모든 시설물은 간편화했으며 시설의 전력은 자연광으로 처리한 세심함이 돋보인다.이 밖에 숲 한가운데 작은 계곡에는 큰 담이 있어 물이 가득 넘친다. 이곳은 아이들의 물놀이터로 이용된다. 천연림인 이 곳은 각종 야생동식물의 서식지이기도 하다. 숲길을 걷다 보면 종종 노루, 다람쥐 등과 마주치기도 하고 크낙새 소리를 들을 수 있으며 각종 희귀화종(花種)들이 가득하다. 숲을 돌아 전망대에 오르면 하늘에서 내려보듯 올망졸망 서귀포시 가지와 탁 트인 태평양 푸른 바다가 한눈에 들어온다.',1,1,'/관광지/서귀포자연휴양림.jpg','admin',NULL,NULL),(152,'차귀도','관광지','33.3116174625','126.1475739333','63008','064-772-3224','제주특별자치도 제주시 한경면 고산리			','제주도의 여러 섬 중에서도 그 자태가 빼어난 차귀도는 손에 잡힐 듯 바다에 잠긴 모습이 주는 당당함이 보는 이의 넋을 놓게 하는 곳으로, 옛날 호종단이라는 중국 사람이 장차 중국에 대항할 형상을 지녔다하여 이 섬의 지맥과 수맥을 끊어 놓고 돌아가려 하는데 갑자기 한라산신이 날신 매가 되어 날아와서 이들이 탄 배를 침몰시켰다고 해서 차귀도라는 이름이 전해 오고 있다. 본 섬이 죽도와 오돌 지실섬으로 이루어진 차귀도는 섬의 아름다움과 더불어 특히, 해질 무렵 노을이 지는 순간 바다와 섬과 석양이 연출하는 장관이 더욱 유명해서 그 장엄함을 보러 오는 관광객들이 늘 이어진다. 또한 전국적인 낚시터로 이름이 널리 알려져 있어 낚시꾼들의 발길이 끊이지 않고 있다.',4,1,'/관광지/차귀도.jpg','admin',NULL,NULL),(153,'검멀레해변','관광지','33.4967295111','126.9685512558','63365','제주관광정보센터 064-740-6000','제주특별자치도 제주시 우도면 우도해안길(우도면)','우도봉 아래에 협곡 속에 검은 모래 해변의 `검멀레`해수욕장은 폭 1백여 미터의 작은 해변이다. 바닷물을 껴안고 오르는 듯한 우도의 일출. 검은 모래사장을 뛰어 바다로 향하면 금방이라도 손에 잡힐 듯한 태양, 고래가 살았다는 해변 끝 동굴로 들어서면 시원한 물을 받아먹는 재미를 느낄 수 있다.',1,1,'/관광지/검멀레해변.jpg','admin',NULL,NULL),(154,'산지 등대','관광지','33.5209144715','126.5456624039','63284','064-720-2672','제주특별자치도 제주시 사라봉동길 108-1(건입동)','행정구역상 제주시 건입동에 속하는데도 이 곳을 왜 “산지등대”로 부르게 되었는지에 대해 많은 사람들이 궁금해 한다. 산지란 명칭은 1702년(조선 숙종 28년) 제주목사 이형상이 순력중 화공 김남길로 하여금 제작토록 한 「탐라순력도」에 의하면 산지촌(山 地村)으로 기록되어있다. 그 밖의 문헌 「제주도 통권 42호 1969년」에 의하면 처음에는 산저(山低)였던 것이 나중에 산지(山地)로 되었다 한다. 즉 한라산에서 발원한 “산지천” 상류의 가락쿳물(오현단 동쪽)이 건입포를 지나 바다로 흘러들었기 때문에 산저(山底)라고 하였던 것이 “산지”로 바뀌게 되었다는 설과 한라산 줄기인 사라봉이 북으로 뻗어 내려오다 해안가에 이르러 다시 높이 솟아올라 “산지”라고 불렀다는 이야기가 전해 오는데 이곳의 옛 지명을 따서 산지등대라고 부르게 되었다.제주시민의 대표적 공원인 사라봉 중턱 언덕 위에 탐라의 관문인 제주항을 한눈에 조망할 수 있는 하얀 건물 하나가 사람들의 눈길을 끈다. 해안 절벽과 바다가 어우러져 한 폭의 수채화를 연상케 하는 아름다운 해안선의 모습을 한 눈에 감상할 수 있는 곳! 그 곳에 “산지등대”가 있다.1916년 10월 무인등대로 처음 점등된 산지등대는 1917년 3월에 유인등대로 변경되었고, 1999년 12월에 현재의 모습으로 새롭게 등탑을 신설하였고 기존 등대는 83년간 밝혀오던 희망의 빛을 동생에게 물려주고 옆에서 묵묵히 지켜주는 형님 역할을 수행하고 있다. 산지등대의 등탑은 백색 원형콘크리트 구조로 높이는 18m이다. 2002년 12월에 순수 국내 기술로 개발한 고광력 회전식 대형등명기로 교체되었고 불빛은 15초에 1번씩 반짝이며 그 빛은 48㎞ 떨어진 곳까지 도달한다. 산지등대 주변은 넓은 바다와 사라봉이 펼쳐진 주변광경이 뛰어나고 도심지와 가까운 위치에 있어 유치원생부터 고등학생까지 등대 탐방을 겸한 체험 학습장으로 각광을 받고 있으며 등대 역할 뿐만 아니라 관광 자원으로서도 제 몫을 톡톡히 하고 있다. 태양이 지쳐 바닷속으로 빠져들어 붉은 빛이 채워질 때 쯤 생활터전으로 향하는 어선들을 반기는 파도의 하얀 포말이 노을을 벗 삼아 만들어내는 옥빛의 향연이 등대 앞쪽 바다에 펼쳐지고 등대의 불빛이 어둠을 향해 길을 만들기 시작할 때부터 바다는 수백 척의 고기잡이배들이 수놓는 환상의 불꽃 잔치가 펼쳐진다.* 최초점등일 - 1916년 10월* 구조 - 백원형콘크리트조 (18m)* 등질 - 섬 백광 15초1섬광 (FIW15s)* 특징 - 제주도의 관문인 제주항 배후 사라봉 중턱에 설치된 등대로 제주 북부 연안을 항해하는 선박의 지표 역할을 하고 있으며, 체험숙소(산지원)가 있어 체험학습장으로 인기가 높아 년중 이용객이 끊이지 않고 있다.',4,1,'/관광지/산지 등대.jpg','admin',NULL,NULL),(155,'마라도(마라해양도립공원)','관광지','33.1186350844','126.2674344514','63515','064-760-4014','제주특별자치도 서귀포시 대정읍 마라로101번길 46			','북위 33도 6분 33초, 동경 126도 11분 3초, 국토의 최남단에 떠 있는 섬이다. 세계 해도에 표시된 등대가 있으며, 섬 전체를 뒤덮다시피 한 천연잔디가 이색적인 느낌을 주는 섬이다. 면적 0.3㎢의 이 섬은 해안이 가파른 절벽으로 이루어져 있어 자연풍광이 수려하다. 30여 가구 80여 명의 주민들은 어업에 종사하며, 모슬포항과 산수이수동 선착장에서 정기여객선과 관광유람선이 수차례씩 왕복 운항한다.   또한 벵에돔, 감성돔 등이 잘 낚이는 바다낚시터로도 유명하다.이 섬에 사람이 살기 시작한 것은 1883년에 3세대가 이주하면서부터이다. 당시 식량이 부족해서 해산물로 연명하다가 농사를 짓기 위해 울창하던 산림에 불을 놓는 바람에 여태까지 뱀과 개구리가 살지 않는다고 한다.',4,1,'/관광지/마라도(마라해양도립공원).jpg','admin',NULL,NULL),(156,'북촌 돌하르방공원','관광지','33.5396035971','126.6896605755','63339','064-782-0570','제주특별자치도 제주시 조천읍 북촌서1길 70			','수없이 만들어져 도내외에 세워지고 지금도 보속상품으로 인기를 끌고 있지만 정작 돌하르방에 대한 정환한 사료나 이에 대한 변변한 자료가 없어 돌하르방은 돌로 만든 하르방 정도로 그냥 그렇게 알려지고 도민들도 별로 관심을 갖고 있지 않은 것이 현실이다. 도내외에 흩어져 있는 각양각색의 돌하르방을 한 곳에 모아 미학적, 학술적 가치를  새롭게 정립하고 귀중한 문화유산인 돌하르방을 영원히 보존하고 후손들에게 잘 물려주며 학생들의 학습장으로, 관광자원으로 활용할 수 있도록 돌하르방 공원을 조성하게 되었다.돌하르방공원은  돌하르방 48기 재현공간, 돌하르방 기능설명공간, 산책로, 재해석돌하르방 전시공간(평화를 테마로 재해석된 돌하르방), 제주형정원, 체험학습장으로 조성되어 있다.제주를  대표적으로 상징하는 것 중에 하나인 돌하르방은 우석목·무석목·벽수머리 옹중석·돌하르방 등 여러 가지 명칭으로 부르다가 1971년 지방민속자료 제2호로 지정되면서 공식 명칭이 되었다. 돌하르방은  제주목·정의현·대정현의 성문(동,서,남문) 입구에 세워졌던 것이나,  현재는 제주시내에 21기, 서울국립민속박무관 2기, 성읍 12기, 대정 13기(미완1기 포함) 도합 48기가 남아있으며 그 주요 기능은 수호신적 기능(守護神的 機能), 주술종교적 기능(呪術宗敎的機能), 위치 표식(位置標識) 및 금표적 기능(禁標的 機能) 등을 내포하고 있다.제작된 시기는 문헌상으로 담수계(淡水契)에서 펴낸 『眈羅誌』에는  시기 1754년 (영조 30년)에 김몽규 목사가 창건했다는 기록이 전하고 있다.돌하르방은 제주 현무암이 주는 무게감과 툭박한 표현이 어울어져 제주의 아름다움을  상징적으로 보여주고 있다.  그리고, 세계 어느 곳에서도 찾아볼 수 없는 독특한  제주 고유의 향토색을 지닌 귀중한 문화유산이라 할 수 있다.',4,1,'/관광지/북촌 돌하르방공원.jpg','admin',NULL,NULL),(157,'제주 항파두리 항몽 유적','관광지','33.4523365568','126.4089619525','63057','064-710-6721~2','제주특별자치도 제주시 애월읍 항파두리로 50(애월읍)','몽고의 침입시 조국을 지키고자 궐기한 삼별초가 최후까지 항전한 유서깊은 곳으로, 전시관과 기념비, 토성이 남아있다. 주변엔 김통정 장군이 뛰어내린 발자국에서 솟아나는 물이라는 장수물이 있는데, 현재 음용수로는 사용할 수 없다. 삼별초는 고려군의 정예 별동부대로서 고려 원종 11년(1270) 2월 고려조정이 몽고군과 강화를 맺자 이에 반대하여 끝까지 반몽항쟁을 계속하였는데, 전라도 진도로 근거지를 옮겼다가 그 곳에서 크게 패하자 이 곳 제주도로 건너와 항파두성을 쌓고 몽고군과 대결하기 2년여에 마침내 원종 14년(1273) 4월 몽고세력에 의해 전원이 순의하고 말았다.삼별초의 독자적인 무력 항몽은 외세의 침략으로부터 조국을 수호하려는 호국충정의 발로로서 오늘날의 우리들에게 많은 교훈을 일깨워주고 있다.1977년 정부는 총공사비 7억4천5백만원을 들여 7월21일에 성곽일부의 보수와 순의비 건립을 착공해서 1978년 6월 준공하였다.',4,1,'/관광지/제주 항파두리 항몽 유적.jpg','admin',NULL,NULL),(158,'마라도 등대','관광지','33.1168353177','126.2696676305','63515','064-740-6000','제주특별자치도 서귀포시 대정읍 마라로 161			','사람이 살지 않았던 시절의 마라도는 금단(禁斷)의 땅이었지만 매년 봄, 망종으로부터 보름동안은 마라도에 가는것이 허가되던 때였다. 200여년전 상모리에 거주하는 이 (李)씨부부가 애기업게(보모)를 데리고 다른 몇명의 해녀와 함께 조업한 후 돌아가려 하였으나 바다가 거칠어지고 바람이 심해져 나갈 수 없게 되었다. 섬을 떠나려하면 거칠어지는 바다로 인해 마라도에 갇힌 해녀들은 죽을 각오로 섬을 떠나기로 하고 잠을 청하였는데 나이많은 해녀의 꿈에 신령이 나타나 애기업게를 두고 가지 않으면 모두 물에 빠져 죽을거라는 계시를 받고 애기업게에게 심부름을 시킨 사이에 배를 출발시켰고 혼자 남은 애기업게는 굶주리고 무서움에 죽고 훗날 이씨부부가 돌아와 그녀의 애절한 영혼을 기려 당을 설립하고 매달 7일, 17일, 27일에 제를 지내며 해상의 안전을 기원하였고 그 후에는 사람들이 바다에서 죽는 일이 드물어졌다고 한다.우리나라 국토최남단 마라도는 산이수동에서 뱃길로 30여분을 가면 만날 수 있다. 태풍이라도 불면 파도에 휩쓸려 버릴 것 같은 나즈막한 섬 마라도는 여행객에게는 국토최남단이라는 매력을, 낚시인들에게는 우리나라 벵에돔 낚시의 최고 포인트로써 사랑받고 있는 섬이다. 푸른 잔디밭 끝에 걸쳐 바다를 향하고 있는 마라도 등대는 동중국해와 제주도 남부해역을 오가는 선박들이 육지초인표지로 이용하고 있는 우리나라의 ‘희망봉’등대이다. 일제 강점기인 1915년 3월 최초 건립된 마라도 등대는 1987년 3월 새로 개축하였고 하얀색의 8각형 콘크리트 구조로 높이는 16m이다. 등질은 10초에 한번씩 반짝이고 약 48㎞ 거리에서도 확인 가능하다. 마라도는 섬 전체가 천연기념물로 지정될 만큼 아름다운 자연경관을 가지고 있다. 마라도 관광은 걸어서 한 바퀴를 돌거나, 자전거를 임대해서 할 수 있으며 한 바퀴를 도는데 한 시간이면 충분하다. 총 학생수가 4명인 가파 초등학교 마라 분교와 국토 최남단비, 슬픈 전설이 서려있는 애기업게당, 장군 바위 등이 있고 모 CF에서 “자장면 시키신 분”에 힘입어 생겨난 해물자장면집, 그리고 초콜릿 박물관 등이 관광객들의 발길을 유혹한다.* 최초점등일 - 1915년 3월* 구조 - 백팔각형 콘크리트조 (16m)* 등질 - 섬백광 10초1섬광 (FIW10s)* 특징 - 대한민국 국토 최남단에 위치한 등대이며 동중국해와 제주도 남부해안을 운항하는 선박의 지표역할을 하고있다.',1,1,'/관광지/마라도 등대.jpg','admin',NULL,NULL),(159,'약천사(제주)','관광지','33.2453656306','126.4496741720','63543','064-738-5000','제주특별자치도 서귀포시 이어도로 293-28(대포동)','조선초기 불교건축 양식으로 지어진 약천사는 지상 30m(일반건물 10층 수준), 건축 연면적 3,305㎡에 이르며 단일사찰로서는 동양 최대를 자랑한다. 법당 내부 정면에는 국내 최대인 높이 5ｍ의 주불인 비로자나불이 4ｍ의 좌대 위에 안치되어 있고, 좌우 양쪽 벽에는 거대한 탱화가 양각으로 조각되어 있다. 법당 앞 종각에는 무게가 18톤이나 되는 범종이 걸려 있다. 극락도량으로서 2,652㎡ 규모의 대적광전과 3층 크기의  요사채 이외에도 굴법당, 삼성각, 사리탑이 들어서 있다. 약천사는 불자들 뿐만 아니라 제주도를 찾는 관광객들이 방문하여 소원을 비는 곳이기도 하다.',4,1,'/관광지/약천사(제주).jpg','admin',NULL,NULL),(160,'이중섭 문화거리','관광지','33.2476394103','126.5640058774','63595','064-740-6000','제주특별자치도 서귀포시 이중섭로 4-1(서귀동)','불 같은 예술혼을 사르다 40세의 젊은 나이에 요절한 천재화가 이중섭(1916∼1956)을 기리기 위해 피난당시 거주했던 초가를 중심으로 조성된 거리이다.* 건물 (5동)* 토지 (403㎡)* 초가건물복원 (50㎡)* 1996 년 3월  2일 창단* 1997 년 9월  6일 이중섭거리 선포및 거주지 복원',4,1,'/관광지/이중섭 문화거리.jpg','admin',NULL,NULL),(161,'새별오름','관광지','33.3673645815','126.3570489276','63039','064-740-6000','제주특별자치도 제주시 애월읍 봉성리 산 59-8			','남봉을 정점으로 남서, 북서, 북동방향으로 등성이가 있으며, 등성이마다 봉우리가 있다. 서쪽은 삼태기모양으로 넓게 열려있고, 북쪽은 우묵하게 패여 있다. 마치 별표처럼 둥그런 표창같은 5개의 봉우리가 존재한다. 전체적으로 풀밭을 이루나 북쪽사면에 일부 잡목이 형성되어 있고, 서북쪽 사면에 공동묘지가 조성되어 있다. 저녁하늘에 샛별과 같이 외롭게 서 있다하여 붙여진 이름이다.* 표고 519.3m /  비고 119m / 둘레  2,713m /  면적  522,216㎡  / 저경  654m',1,1,'/관광지/새별오름.jpg','admin',NULL,NULL),(162,'더마파크','관광지','33.3549530518','126.2430896662','63017','064-795-8080','제주특별자치도 제주시 한림읍 월림7길 155			','더馬파크는 세계 최초의 말 전문 테마공원이다. 승마와 기마공연 등 말의 고장 제주도에서 말에 관한 모든 것을 즐길 수 있다. 2008년 첫 공연작 \'칭기스칸의 검은 깃발\'을 시작으로 2013년 두번째 공연작인 \'천년의 제국 아! 고구려\'까지 약 700만명의 관광객들이 관람을 했으며, 현재 \"위대한 정복자 광개토태왕\"\"\"\" 공연이 진행되고 있다.공연단은 2008년 2월 라온랜드의 더마파크와 몽골 울란바타르 마사협회가 공동으로 구성한 전문 기마공연단이다. 단원들은 몽골 최대의 축제이자 전통행사인 나담축제를 중심으로 전국을 순회하며 기마공연을 해온 최고의 기마공연단원들 가운데 오디션을 거쳐 선발했다.\"\"\"',1,1,'/관광지/더마파크.jpg','admin',NULL,NULL),(164,'용연','관광지','33.5112566910','126.5132598848','63153','제주관광정보센터 064-740-6000','제주특별자치도 제주시 동한두기길(용담일동) 일원','‘영주십경’의 하나인 ‘용연야범’의 장소이다. ‘용연’의 계곡물은 산등성이부터 바닷가로 흐르며, 바닥이 보이지 않을 정도로 깊다. 나무로 연결되어 있는 용연 다리에서는 정자와 어우러져 있는 계곡의 절경을 구경할 수 있다. 가뭄이 들어도 물이 마르지 않는데, 용연에 살고 있는 용이 승천하여 이곳만큼은 비를 내리게 했다는 전설이 있다.용연은 용두암에서 동쪽으로 200m정도 거리에 있는 호수로 용이 놀던 자리라해서 붙여진 이름인데 바닷물과 민물이 만나는 오색물결빛이 아름답고 울창한 숲과 조화를 이룬 절벽과 물속의 바위들의 모습이 수려하다. 또한, 선인들이 풍류를 즐긴 장소로 유명하며 마애명이 절벽에 새겨져 있고 용연야범축제가 매해 열리는 곳이다.',4,1,'/관광지/용연.jpg','admin',NULL,NULL),(165,'한라생태숲','관광지','33.4319418220','126.5982320810','63312','064-710-8688','제주특별자치도 제주시 516로 2596			','한라생태숲은 산림청 소유 국유지 196ha에 달하며 5.16도로변 해발 600고지 일대이다. 이 생태숲은 1970년대 초부터 1995년까지 개인에게 대부돼 마소의 방목지로 사용했던 곳이다. 제주 식물의 보고에 걸맞는 산림생물 난대, 온대, 한대 식물 등 다양한 식물상을 조화롭게 설계하여 333종 288천 그루를 식재 생태복원 시켰으며, 곶자왈지대, 천연림 지역을 유전자원 보전지역으로 관리해 나갈 계획이다. 생태로, 전망대, 양묘하우스, 테마별 산책로, 유전자보존 조직배양실 등 기반시설과 단풍나무숲, 벚나무숲, 구상나무숲, 참꽃나무숲 등 13개의 테마숲, 생태숲 전체의 축소판인 암석원이 중앙에 조성되어 숲다운 숲의 면모를 보여주고 있다.한라생태숲은 훼손되어 방치되었던 야초지를 원래의 숲으로 복원 조성한 곳으로 산림트래킹과 함께 자연생태계의 다양한 모습을 즐길 수 있다. 한라산에 서식하는 동물 143과 500여종, 식물 130과 760여 종을 만날 수 있으며, 특히 난대성식물에서부터 한라산 고산식물까지 모두 볼 수 있다.연중 운영되는 숲체험프로그램은 사전예약을 통해서 누구나 탐방서비스를 경험할 수 있으며, 절물휴양림으로 이어지는 숫모르숲길은 많은 이들에게 사랑받는 트래킹코스로 단연 으뜸이다.또한 한라생태숲은 시험연구림으로서의 기능도 갖추고 있어 제주도의 온.난대 수종 및 한라산 고산대 희귀수종에 대한 유전자 보전 연구와 한라산의 훼손지 복구를 위한 식물증식 및 내한성 적응시험림의 역할도 수행하고 있다.',4,1,'/관광지/한라생태숲.jpg','admin',NULL,NULL),(166,'우도(해양도립공원)','관광지','33.5065059625','126.9533995648','63365','064-740-6000','제주특별자치도 제주시 우도면 우도로 153(우도면사무소)','제주도 동쪽 끝, 성산포에서 북동쪽으로 약 3.8킬로미터 지점에 위치한 섬속의 섬 우도는 그 모습이 마치 소가 누워 있거나 머리를 내민 모양과 같다고 해서 그런 이름이 붙었다. 구좌읍 종달리 바닷가에서 볼 때, 소머리부터 꼬리까지 길게 이어져 있는 섬의 독특한 형상이 한 눈에 우도라는 것을 알 수 있다. 섬의 길이는 3.8km에 둘레는 17km이며, 면적은 605ha 정도이다. 우도에 사람이 살기 시작한 것은 약 150년 전인 조선 숙종 23년(1679)에 국유목장이 설치된 뒤부터였다. 당시 국마(國馬)를 관리하고 사육하기 위해 육지사람들의 왕래가 시작되었고, 이후 헌종 10년(1844)에 김석린 진사일행이 입도(入島)하여 정착했다.수려한 자연경관과 청정해역을 보전하고, 해양관광을 활성화하기 위해 2001년 1월1일 섬내 2개 항구(우도항 및 하우목동항)주변과 우도해상일대 25,863㎢를 우도해양군립공원으로 지정하였다. 더군다나 일출봉 근처의 성산포항에서 뱃길로 약 15분밖에 걸리지 않을 만큼 가깝고 배에차도 싣고 갈 수가 있어서 교통이 매우 편리하다. 그러므로 제주를 찾는 관광객이라면 꼭 한번 들러볼 만한 관광명소이다.우도에는 주민들이 어업과 농업에 종사하며살고 있다. 우도는 완만한 경사의 옥토, 풍부한 어장, 우도팔경 등 천혜의 자연조건을 갖춘 관광지이다. 게다가 제주 해녀와 돌담길, 돌무덤 등 제주도만의 독특한 전통문화와 자연환경을 체험할 수 있어, 마치 제주도를 축소시켜 놓은 듯한 인상을 풍긴다. 특히, 자연절경 외에도 바다낚시, 자전거하이킹, 버스 관광, 잠수함과 유람선을 통한 바다관광 등 즐길거리가많아서 여행의 재미를 더해준다.',5,1,'/관광지/우도(해양도립공원).jpg','admin',NULL,NULL),(167,'금능해수욕장','관광지','33.3898379598','126.2353395628','63010','064-728-3983','제주특별자치도 제주시 한림읍 금능길			','투명한 맑은 물과 흰 모래와 조가비가 섞여 길게 이어진 아름다운 백사장, 낙조의 경관이 환상적인 이곳 앞바다에는 비양도가 있다. 얕고 새파란 바닷물 밑으로 비치는 새하얀 모래사장은 비양도까지 걸어서라도 갈 수 있을 것 같은 착각에 사로잡히게 한다.바닥이 훤히 비치는 투명한 물빛과 바닷물이 찰박거리는 얕은 수심, 물놀이 후 따뜻하게 즐기는 온수 샤워까지. 아이들과 다녀오기에 최적의 조건을 갖춘 해수욕장을 찾는다면 금능해수욕장이 제격이다.제주시 한림읍에 위치한 금능해수욕장은 서쪽의 인기 명소인 협재해수욕장과 바로 이어져 있다. 파란 물감을 풀어놓은 것 같은 바다부터 생김새가 귀여운 비양도, 촉감이 보슬거리는 모래사장까지 이웃한 해변과 비슷한 풍경을 품고 있지만 그보다 사람이 붐비지 않아 여유로운 것이 매력이다. 더구나 주차장과 해변이 바로 연결되어 있어 짐을 옮길 때도 부담이 없다. 새로 신축된 샤워실은 온수 샤워가 가능해 해수욕장 이용에 편리함을 갖췄다.이곳을 방문할 땐 물이 빠지는 간조 시간에 맞춰 가기를 추천한다. 바닷물이 멀리까지 빠지면 넓고 고운 모래사장이 드러난다. 곳곳에 수심이 얕고 어린 아이도 놀기 좋은 천연 풀장이 만들어진다. 빠져나간 바닷물이 남겨 놓은 해조류나 작은 보말 등은 자연스럽게 아이들의 장난감이 된다. 덕분에 아무런 준비 없이 찾아도 재미있게 즐길 수 있다.단, 해변 입구에 작게 부서진 조개껍질이 모래와 섞여 있어 되도록 아쿠아슈즈 착용을 권한다. 물놀이 후에는 일몰을 기다려보자. 비양도부터 서서히 물들어가는 노을은 순식간에 파란 하늘을 노란빛으로 바꿔놓으며 아이와의 첫 여행에 잊지 못할 황홀함을 선사한다.',4,1,'/관광지/금능해수욕장.jpg','admin',NULL,NULL),(168,'송악산','관광지','33.1994515348','126.2907750868','63512','제주관광정보센터 064-740-6000','제주특별자치도 서귀포시 대정읍 송악관광로(상모리)','산방산(395m)의 남쪽, 가파도가 손에 잡힐 듯 보이는 바닷가에 불끈 솟은 산이 산방산이다. 99개의 작은 봉우리가 모여 일명 99봉이라고도 한다. 남제주군 산방굴사에서 송악산  초입까지는 풍치 좋기로 소문난 해안도로이다. 그 길을 달려 송악산에 이른다.  송악산은 한라산처럼 웅장하거나 산방산처럼 경치가 빼어나지는 않다. 그러나 송악산 정상에 오르면  누구나 감탄사를 토해낸다.  앞으로 가까이 보이는 최남단의 마라도와 가파도, 형제섬, 우뚝 솟은 산방산, 멀리 보이는 한라산, 그리고 끝없는 태평양, 바다를 씻겨온 바람과 능선에 이어지는 푸른 잔디의  풋풋한 감촉 때문이다.송악산은 그 모양새가 다른 화산들과는 달리 여러 개의 크고 작은 봉우리들이 모여 이루어져 있다. 주봉의 높이는 해발 104m. 이 주봉을 중심으로 하여 서북쪽은 넓고 평평한  초원지대이고 서너 개의 봉우리가 있다.  주봉에는 둘레 500m, 깊이 80m 정도되는 분화구가 있는데 그 속에는 아직도 검붉은 화산재가 남아 있다. 그리고 바닷가 해안 절벽에는 일제 때 일본군이 뚫어 놓은 동굴이 여러 개 있어 지난날의 아픈 역사를 말해주고 있다. 송악산 아래 해안은 감성돔이나 뱅에돔, 다금바리가 많이 잡히는 낚시터로도 유명하다.',4,1,'/관광지/송악산.jpg','admin',NULL,NULL),(169,'형제섬','관광지','33.2080147675','126.3092288523','699-822','064-760-2913','제주특별자치도 서귀포시 안덕면 사계리산44','형제섬은 산방산 바로 앞에서 내려다보이는 무인도로. 사계리 포구에서 남쪽으로 1.5km 떨어진 지점에 있으며, 크고 작은 섬이 마치 형제처럼 마주하며 떠 있다. 길고 큰 섬을 본섬, 작은 섬은 옷섬이라 불렀다. 본섬에는 작은 모래사장이 있으며 옷섬에는 주상절리층이 일품이다. 바다에 잠겨있다가 썰물 때면 모습을 드러내는 새끼 섬과 암초들이 있어서 보는 방향에 따라 섬의 개수가 3~8개로, 그 모양도 마치 착각처럼 변하기도 한다. 이런 까닭에 일출.일몰 시 사진촬영 장소와 최고의 낚시포인트로도 유명하다. 형제섬의 수중 아치는 다이버들에게 잘 알려져 있으며 해송, 연산호, 군락과 함께 자리돔, 줄도화돔 떼들의 유영이 만들어내는 비경을 즐길 수 있다.',4,1,'/관광지/형제섬.jpg','admin',NULL,NULL),(170,'카멜리아힐','관광지','33.2898983201','126.3682663519','63526','064-792-0088','제주특별자치도 서귀포시 안덕면 병악로 166			','안덕면 상창리 172,000㎡에 조성된 카멜리아힐은 세계에서 가장 큰 동백꽃을 비롯하여 가장 일찍 피는 동백꽃, 향기를 내는 동백꽃에 이르기까지  전세계 500여 종 6000여 그루의 동백나무가 한데 모여 있다. 카멜리아힐은 동백과 함께 야자수 등 각종 조경수가 함께 어우러진 수목원이기도 하다. 야생화 코너를 비롯해 넓은 잔디광장, 생태연못 등도 골고루 갖추고 있다. 초가별장과 목조별장, 스틸하우스, 콘도형 별장 등 다양한 숙박시설을 비롯해 동백꽃을 소재로 제작된 공예품을 전시하는 갤러리, 다목적 세미나실도 마련했다.카멜리아 힐은 30년 열정과 사랑으로 제주의 자연을 담은, 동양에서 가장 큰 동백 수목원이다. 6만여 평의 부지에는 가을부터 봄까지 시기를 달리해서 피는 80개국의 동백나무 500여 품종 6000여 그루가 울창한 숲을 이루고 있다. 또 향기가 나는 동백8종 중 6종을 보유하고 있어서 달콤하고 매혹적인 동백의 향기에 흠뻑 취할 수 있다. 뿐만 아니라 제주자생식물 250여종을 비롯해 모양과 색깔, 향기가 각기 다른 다양한 꽃이 동백과 어우러져 계절마다 독특하고 아름다운 풍경을 연출해 준다.',1,1,'/관광지/카멜리아힐.jpg','admin',NULL,NULL),(171,'수월봉과 차귀해안','관광지','33.2941224154','126.1630063111','63008','제주관광정보센터 064-740-6000','제주특별자치도 제주시 한경면 노을해안로 1013-70			','바다건너 제주에 내리면 뭍과는 다른 따스한 바람결이 느껴진다. 12월 육지에선 몸을 움츠렸던 사람들도 제주를 찾으면, 어디서나 볼 수 있는 제주의 푸른 바다와 그 푸른 바다에 반사되는 따사로운 햇살, 그리고 길가의 아열대 난대림 사이에서 불어오는 온화한 미풍을 맞으며 움츠렸던 몸을 펴고 남쪽나라 제주의 기운을 새삼 느끼게 된다. 바다로 둘러싸인 제주는 12월엔 특히 해와 관련된 나들이코스로 찾아볼 만하다. 해돋이로 유명한 성산의 일출봉은 그 이름만으로도 제주를 대표하는 관광명소이다. 그 옆의 섭지코지도 앞바다에 떠있는 난파선을 배경으로 떠오르는 해를 감상하기에 좋은 장소이다.제주도 서쪽 끄트머리에 위치한 작은 언덕인 수월봉은 제주의 일몰명소로 가장 먼저 손꼽을 만하다. 수월봉 전망대에 오르면 드넓게 펼쳐진 제주의 서쪽바다가 화려하게 펼쳐진다. 북쪽으로 보이는 해안가에 떠있는 시커먼 것들은 차귀도라는 섬인데, 정상부에만 초지가 형성되어 있고 그 외는 온통 검은 바위절벽으로 이루어져 있다. 한때 유인도였다고도 하지만 저런 곳에 사람이 살 수 있었다는게 실감이 나지 않는다. 그림같이 떠있는 섬 차귀도와 건너편의 자구내 포구, 그리고 다시 시선을 끌어 당기면 포구 남쪽으로 현무암 검은 돌로 이루어진 제주 특유의 검은 해변의 풍경이 이어지고 이 모두가 수월봉 정상에서 바라보면 한폭의 풍경화와 같은 절경을 연출한다. 더군다나 햇빛이 석양에 물들어 발갛게 물드는 차귀해변의 풍경은 세상에 이보다 더 아름다운 해넘이 광경은 없을 성 싶을 정도로 보는 이로 하여금 충분히 탄성을 자아내게 한다. 한가지, 수월봉 언덕이 해안가에 우뚝 솟구쳐 있는 절벽인지라 정상부에 쳐놓은 울타리 바깥으로 나갈 시에는 실족치 않게 주의하도록 한다.절경의 차귀도를 배경으로 멋진 일몰의 추억을 담고자 한다면, 12월에는 해가 남쪽으로 많이 치우쳐 있으므로 차귀해안 자구내 포구쪽보다는 조금 북쪽으로 올라간 용수마을 해안에서 낙조를 감상하는게 좋다. 지도상에는 절부암으로 표시되어 있는 이 곳에서의 겨울철 차귀도 섬 사이로 붉은 해가 떨어지는 모습은 정말 기억에 남을만한 멋진 장면이다. 검푸른 물결과 붉게 타들어가는 커다란 해의 모습이 대조를 이루며 바라보는 이에게는 감동의 일몰순간으로서 잊지못할 추억거리를 선사한다. 수월봉과 차귀해안,  그리고 용수마을의 아름다운 일몰은 우리가 알고 있는 제주도를 한층 더 아름답게 한다. 이 섬의 동쪽 끝에서는 떠오르는 해를 맞이하고 해를 따라 여행하다가 서쪽 끝에 서서는 지는 해를 바라본다.',4,1,'/관광지/수월봉과 차귀해안.jpg','admin',NULL,NULL),(172,'마라도가는 여객선','관광지','33.2074200956','126.2905165994','63513','064-794-6661','제주특별자치도 서귀포시 대정읍 송악관광로 424			','마라도 여객선을 타면 대한민국의 가장 남쪽에 위치한 국토 최남단 마라도를 관광할 수 있다. 선착장에서 마라도까지 가는 시간은 30분, 다시 돌아오는 시간 30분이며 체류시간에따라 총 소요시간은 변동된다.',5,1,'/관광지/마라도가는 여객선.jpg','admin',NULL,NULL),(173,'제주러브랜드','관광지','33.4521072871','126.4883911640','63079','064-712-6988','제주특별자치도 제주시 1100로 2894-72(연동)','국내 유일의 성(性)을 주제로 한 테마조각공원 제주러브랜드.홍익대 미대 조소과 출신의 신인, 중견 작가 20여명이 2년여의 제작기간을 거쳐 2004년 11월 16일 드디어 국내 최초로 성테마 조각공원이 문을 열었다. 39,667m²(12,000평)의 대지 위에 야외 조각작품 100여점과 실내 미술관에 40여점의 조각품이 전시되어 있으며 공원 전체가 거대한 랜드아트(대지미술)로 작품화되어 있다. 제주도 유일의 야간 관광지로 관람시간은 오전 9시부터 밤 12시까지 일년 365일 관람객들을 맞이하고 있으며 관람 소요시간은 주간 30분, 야간 40분이 소요된다. 공원 내에 유리돔 레스토랑과 노천까페, 아트샵도 있어 볼거리, 먹거리, 살거리와 함께 촉각체험작품을 직접 작동해 보면 색다른 즐거움을 맛볼 수 있는 곳이다. 즐거움과 해학으로 가득찬 조각공원 제주러브랜드는 휴식과 관광, 에로티시즘이 가미된 새로운 볼거리를 제공하며, 외설이 아닌 예술의 공간으로 성을 아름답고 개방된 곳에서 만날 수 있다.',7,1,'/관광지/제주러브랜드.jpg','admin',NULL,NULL),(174,'아부오름','관광지','33.4476124043','126.7773495159','63355','064-740-6000','제주특별자치도 제주시 구좌읍 금백조로(구좌읍)','구좌읍 송당리 천백도로 건영목장입구에서 남동쪽 약 800m지점 건영목장 안에 위치한 오름으로 앞오름, 압오름, 아부오름이랑 불리기도 하며, 완만하고 단순한 형태로 원형분화구의 대표적인 오름이다.  이 오름은 바깥 둘레는 약 1,400m, 바닥 둘레 500m, 화구 깊이 78m이며 전 사면이 완만한 경사를 이루고 있다.* [유래] - 산모양이 믿음직한 것이 마치 가정에서 어른이 좌정해 있는 모습 같다하여 한자로는 亞父岳(아부악), 阿父岳(아부악)으로 표기하고 있고, 송당마을과 당오름의 앞(남쪽)에 있는 오름이라 하여 前岳(전악)이라고도 표기한다. 亞父(아부)란 아버지 다음으로 존경하는 사람, 阿父(아부)는 아버지의 뜻이라고 한다.',4,1,'/관광지/아부오름.jpg','admin',NULL,NULL),(175,'화순금모래 해변','관광지','33.2407004292','126.3335149080','63530','064-740-6000','제주특별자치도 서귀포시 안덕면 화순해안로(화순리)','이 해수욕장은 99,174m²(3만여평)의 검은 모래밭이 펼쳐진 곳으로 주변에 천혜의 자연조건을 가지고 있다. 산방산, 용머리해안과 가깝고 남서쪽 앞바다에는 형제도, 마라도, 가파도가 떠 있어 자연경관이 매우 아름다운 해수욕장이다. 게다가 해변 한쪽에는 용천수가 풍부하게 솟아나기 때문에 담수욕도 즐길 수 있다. 안덕면 소재지인 화순리에 있어서 교통, 숙박, 매점, 음식점 등의 편의 시설이 풍부하다는 점도 빼놓을 수 없다.* 규모 - 길이 250m, 너비 80m, 평균 수심 1.2m, 경사도 5도',5,1,'/관광지/화순금모래 해변.jpg','admin',NULL,NULL),(176,'보목마을','관광지','33.2429571495','126.5990251708','63599','제주관광정보센터 064-740-6000','제주특별자치도 서귀포시 칠십리로(보목동)','보목마을은 제주도 올레길 6코스의 쇠소깍과 외돌개의 사이에 위치한 작은 어촌 마을이다. 서귀포시 중심에서 동남쪽으로 4km, 걸어서 30분 거리에 자리 잡고 있으며, 마을 포구 동편에 제지기오름이 있다. ',4,1,'/관광지/보목마을.jpg','admin',NULL,NULL),(177,'우도 산호해변(서빈백사)','관광지','33.5026812286','126.9437532672','63365','064-740-6000','제주특별자치도 제주시 우도면 우도해안길 252			','우도 산호해변(서빈백사해수욕장)은 에메랄드빛으로 부서지는 햇살 아래 하얗다 못해 푸른빛이 감도는 홍조단괴 백사장이다. 수심에 따라 바다 빛깔이 달라 남태평양이나 지중해의 어느 바다와 비교해도 손색이 없다.',5,1,'/관광지/우도 산호해변(서빈백사).jpg','admin',NULL,NULL),(178,'산방굴사(제주)','관광지','33.2372560486','126.3133472902','63528','064-794-2940','제주특별자치도 서귀포시 안덕면 산방로 218-12			','온통 절벽으로 이루어진 산방산 중턱에 영주 10경의 하나인 산방굴사가 있다.원래 한라산 정상이었던 것이 뽑혀 산방산이 되고 그 뽑힌 자리가 백록담이 되었다는 전설이 사실인 양 산방산은 제주의 다른 산과는 달리 분화구가 없으며, 외 벽은 온통 풍화작용에 의한 침식으로 장관을 이루고 있다.산방산은 제주도 형성시기에 생성되었으며 높이는 395m이다. 산방산의 서남쪽 중턱 절벽에 길이 10m, 너비와 높이가 각각 5m 되는 굴이 있는데, 천정 한복판에서는 수정 같이 맑은 물방울이 사시사철 눈물처럼 떨어져 굴 안에 고인다.굴밖에 있는 노송사이로 보이는 형제섬, 가파도, 한국 최남단  영토인 마라도와 용머리 해안의 경관이 아름다워 예로부터 수도승들의 수도 장소로 애용되기도 하였다. 산방산의 암벽에는 석곡, 지네발란, 풍란 등이 자생하고 있으며 위쪽에는 제주에서는 유일하게 섬회양목이 자생하고 있다. 산방산 암벽 식물지대는 천연기념물로 지정되어 있다.* 용머리해안산방산 앞자락 바닷가, 산방산 휴게소에서 10여 분을 걸어 내려가면 수려한 해안 절경과 마주친다. 쉼없이 밀려드는 파도를 피하며 아기자기 놓여 있는 관광로를 걷다 보면 태평양의 푸름과 멋드러진 해안절경 속으로 빠져드는 듯하다.용머리라는 이름은 언덕의 모양이 용이 머리를 들고 바다로 들어가는 모습을 닮았다 하여 붙여졌다. 용머리로 들어가는 입구에는 \'하멜기념비\'가 있으며 용머리를 관광하는 데는 1시간 정도면 족하다.',4,1,'/관광지/산방굴사(제주).jpg','admin',NULL,NULL),(179,'에코랜드테마파크','관광지','33.4564874302','126.6670616591','63346','에코랜드테마파크 064-802-8020','제주특별자치도 제주시 조천읍 번영로 1278-169			','에코랜드 테마파크는 1800년대 증기기관차인 볼드윈 기종을 모델화하여 영국에서 수제품으로 제작된 링컨 기차로 3만평의 곶자왈 원시림을 기차로 체험하는 테마파크이다.에코랜드 테마파크가 위치한 곳은 교래 곶자왈로 지하수 함양은 물론, 보온, 보습 효과가 높아 북방한계 식물과 남방한계 식물이 공존하는 신비의 숲이다. 용암의 바위 위에 처절하고 치열한 생명의 힘으로 바위를 덮고 하늘을 막아 동식물의 낙원으로 만든 숲의 위대함을 느낄 수 있으며, 4.5km의 기차여행을 즐기는 동안 신비의 숲 곶자왈에서 서식하는 곤충과 동물 그리고 다양한 식물을 체험할 수 있어 자연이 우리에게 주는 무한한 혜택을 학습 할 수 있는 공간이다.에코랜드 테마파크는 자연의 섭리를 어기지 않고 풀 한포기도 소중히 여기며 인간과 자연을 하나로 이어주는 다리가 되고자 한다. 돌과 바위의 화산 땅에 뿌리를 길게게 바위틈으로 내리고 한줄기 빛을 찾기 위해 가지를 하늘로 뻗어 질긴 생명력을 이어가는 나무를 보며 자연의 위대함을 배웠다. 그 위대함을 표현하기에 아직 표현력이 부족하지만 자연과 인간의 공존이라는 대명제를 향하여 멈추지 않고 달려갈 것이다.',1,1,'/관광지/에코랜드테마파크.jpg','admin',NULL,NULL),(180,'저지오름(닥몰오름,새오름)','관광지','33.3338221918','126.2517754921','63007','064-728-7952, 064-740-6000','제주특별자치도 제주시 한경면 중산간서로			','한경면 저지리(옛이름:닥몰) 저청초등학교에서 북서쪽 수동으로 가는 도로 우측에 우뚝 선 오름으로, 산상의 분화구를 중심으로 어느쪽 사면이나 경사와 거리가 비슷한 둥근산체를 이루고 있으며, 둘레가 약 900m, 깊이가 약 60m쯤 되는 매우 가파른 깔때기형 산상분화구를 갖고 있는 화산체이다.오름 각 사면에는 해송이 주종을 이루며 잡목과 함께 울창한 숲을 이루고 있으며, 분화구안에는 낙엽수림과 상록수림이 울창한 자연림 상태를 보이고 있으나 안사면으로 보리수나무, 찔레나무, 닥나무 등이 빽빽이 우거져 있어 화구안으로의 접근이 매우 어렵다.명칭의 유래 - 저지오름(楮旨岳)이란 호칭은 마을이름이 \'저지\'로 되면서 부터 생긴 한자명이라 한다. 그전까지는 \'닥몰오름\'이라 불렀으며, 저지의 옛이름이 \'닥모루\'(닥몰)였다고 한다. 이는 닥나무(楮)가 많았다는데서 연유한 것이고, 한자이름은 한자의 뜻을 빌어서 표기한 것이라고 한다.* 2007년 제 8회 아름다운 숲 전국대회에서 생명상(대상) 수상',1,1,'/관광지/저지오름(닥몰오름,새오름).jpg','admin',NULL,NULL),(181,'제주 하도리 철새도래지','관광지','33.5204700670','126.8905991314','63363','064-740-6000','제주특별자치도 제주시 구좌읍 하도리(구좌읍)','하도철새도래지는 면적은 약 0.77㎢ 정도로 바다와 인접하고 수심은 1m 정도로 영양분이 풍부한 먹이감과 습지식물이 많아 철새들이 월동하기엔 최적의 지역으로 알려진 곳이다.  이곳에는 천연기념물로 지정돼 있고 세계적으로 1,600여 마리 정도만 남아있다는 저어새를 비롯해 천연기념물인 고니, 매, 황조롱이 등과 환경부 멸종위기야생동물인 물수리 등이 관찰되고 있다. 하도리 지미봉 기슭은 해안에 하구둑을 축조해 저수지를 만들어 먹이가 풍부하고 둥지를 틀 수 있는 곳이 많이 있다. 특히 이곳은 둑을 축조하며 만든 다리의 경치가 일품이라 드라이브코스로도 각광받고 있다. ',1,1,'/관광지/제주 하도리 철새도래지.jpg','admin',NULL,NULL),(182,'용두암해수랜드','관광지','33.5158588206','126.5045688690','63150','064-742-7000','제주특별자치도 제주시 서해안로 630			','천혜의 관광지로 유명한 제주도 제주시 용담동 바닷가에 해수와 담수를 뿜어내는 24시 전천 후 운영사우나 건축물로 해수랜드가 탄생하였다. 용두암해수랜드는 세계적인 기암괴석 명물인 용두암과 청정해안의 자연절경으로 어우러진 관광명소가 함께한 제주최대의 명품으로 자랑한다. 야자수로 조경을 두른 남국의 정취가 물씬 풍기는 해수랜드의 규모는 대지 총 7,425㎡에 지상3층, 지하1층으로 3,960㎡의 사우나종합시설과 1,650㎡ 정원 내 전통불한증막, 대형폭포, 이벤트 광장인 낙원의 쉼터와 120여 대의 주차공간과 50여 대의 여유주차장을 갖춘 대형 목욕 업장이다. 이제는 목욕을 단순히 몸을 씻거나 때 벗김과 같은 생리적 해결이 아니라 휴식, 즐거움, 건강으로 삶의 활력적인 재미를 누리면서 지내는 사회.문화적 여가공간이라는 이른바Well-Bing개념의 장으로 자리하고 있다. 이에 용두암해수랜드는 휴식과 즐거움, 건강을 누리게 하는 시설, 녹차탕을 비롯한 사우나, 찜질방, 스포츠, 피부아로마와 옥외 불한증막 등의 완스톱 엔터테인먼트의 프로그램을 제공하고 있다.',4,1,'/관광지/용두암해수랜드.jpg','admin',NULL,NULL),(183,'제주 서광다원','관광지','33.3059342729','126.2941835393','699-822','064-794-6600','제주 서귀포시 안덕면 신화역사로 446			','제주 서광다원은 서귀포시 서광리에 조성된 국내 최대 규모의 차 생산지로 조선의 명필 추사 김정희가 유배생활을 했던 곳으로 유명하다. 추사 김정희는 초의선사가 보내준 차로 유배생활의 외로움과 고통을 달래었다고 전한다. 돌밭으로 이루어지고 잡목이 우거진 척박하기 그지없는 땅을 국내 최대의 차 생산지로 만들기까지의 일화가 인상깊다.『흙보다 돌이 많아 흙을 날라다 넣었고 전기와 물이 없어서 빗물을 받아 식수로 사용했으며 돌을 부수는 기계가 없어 징으로 부수고 바람을 막기 위해 곳곳에 방품림을 만들어 어린차나무가 살아남을 수 있도록 하였다. 기후에 적합한 차나무 품종을 선정, 자생하고 있는 종자를 파종하는 한편, 일본에서 육종된 품종을 들여오고 녹차의 감칠 맛을 내기 위해 양돈장에서 나오는 돈분을 퇴비로 만들어 좋은 토양을 만들었다. 돌과 바람과 싸우면서 시작한 다원 개간은 서서히 흙밭으로 변모해 갔고, 1985년 녹차 묘목 100만본을 심게 되어 이것이 지금의 서광다원으로 변모하였다.』서광 다원은 지금도 산간 지대 개발의 성공 모델로 소문나 견학자가 끊이지 않고 있다.',4,1,'/관광지/제주 서광다원.jpg','admin',NULL,NULL),(184,'용머리해안','관광지','33.2322593962','126.3145222990','63528','064-794-2940','제주특별자치도 서귀포시 안덕면 산방로 218-10			','산방산 앞자락에 있는  바닷가로 산방산 휴게소에서 10여분 걸어내려가면 수려한 해안절경의 용머리 해안과 마주치게 된다.이 곳은 수천만년 동안 쌓이고 쌓여 이루어진 사암층 중 하나이다. 해안 절벽을  모진 파도가 때려서 만들어 놓은  해안 절경이다. 작은 방처럼 움푹 들어간 굴방이나 드넓은 암벽의 침식 지대가 펼쳐져 장관을 이루고 있는 곳으로 얼마 전부터 제주의 새롭게 소개되는 관광코스 중의 하나이다. 용머리라는 이름은 언덕의 모양이 용이 머리를 들고 바다로 들어가는 모습을 닮았다하여 붙여졌다. 전설에 의하면 용머리가 왕이 날 휼륭한 형세임을 안 진시황이 호종단을 보내어 용의 꼬리부분과 잔등 부분을 칼로 끊어 버렸는데 이때 피가 흘러내리고 산방산은 괴로운 울음을 며칠째 계속했다고 한다.용머리로 들어가는 입구에는 하멜기념비가 서 있다. 용머리를 관광하는데는 한시간 정도 소요된다. 용머리는 CF와 영화의 촬영 장소로 이용되었다. 길이 30~50ｍ의 절벽이 마치 물결 치듯 굽어져 있다. 연인들의 산책코스로도 좋으며 차를 세워두고 한바퀴 돌아보는데 30분 정도 소요된다.  파도가 하얗게 부서지는 바닷가 바로 옆으로 길이 나있다.해녀들이 직접 잡아왔다는 해삼을 좌판에 내놓고 판다.해안도로를 따라 대정쪽으로 옮기면 송악산이다. 높이는 겨우 104ｍ이지만 바다와 직벽을 이루고 있는 명소이다. 초원에는 조랑말들이 한가롭게 노닐고 있고, 바다에는 형제섬이 그림같이 떠 있다. 절벽아래에는 일제때 일본인들이 연합군의 공격을 피해 팠다는 굴이 보인다.※ 조수간만의 영향과 기상악화로 인한 안전문제로 출입통제가 될 수 있으니, 관람당일 입장 통제시간 미리 확인 필요(064-794-2940)',1,1,'/관광지/용머리해안.jpg','admin',NULL,NULL),(185,'금능석물원','관광지','33.3854910837','126.2267487402','63010','064-796-3360','제주특별자치도 제주시 한림읍 한림로 176			','제주는 돌, 바람, 여자가 많다해서 삼다도라 한다. 하지만 제주도의 돌들은 제주 외부로 반출할 수 없다.  단지 가공된 돌들만이 반출되는데, 제주의 가공된 돌의 대명사는 \'돌하르방\'! 똑같이 생긴 하르방만 본 여행객들에게 제주 석물의 진수를 감상할 수 있게 하는 곳이 바로 금능석물원이다. 금능석물원은 약 40여년을 돌하르방을 제작하는 장공익 명장이 제주생활의 모습들을 돌로서 표현한 33,058m²(10,000평) 부지에 조성한 공원이다. 금능석물원의  전체적인 분위기를 주도하는  불교적인 색채가 묻어나는 석불들이 있는데, 이곳 작품들은 수십년동안 이곳을 지켜온 장공익씨의 작품이라고 한다.',4,1,'/관광지/금능석물원.jpg','admin',NULL,NULL),(186,'용두암','관광지','33.5158033889','126.5119710049','63152','064-740-6000','제주특별자치도 제주시 용두암길(제주올레길17코스)','제주시내 북쪽 바닷가에 있는 용두암은 높이 10m가량의 바위로 오랜 세월에 걸쳐 파도와 바람에 씻겨 빚어진 모양이 용의 머리와 닮았다 하여 용두암이라 불린다. 전설에 의하면 용 한 마리가 한라산 신령의 옥구슬을 훔쳐  달아나자 화가 난 한라산 신령이 활을 쏘아 용을 바닷가에 떨어뜨려 몸은 바닷물에 잠기게 하고 머리는 하늘로  향하게 하여 그대로 굳게 했다고 전해진다. 또 다른 전설은 용이 되어 하늘로 올라가는 것이 소원이던 한 마리의 백마가 장수의 손에 잡힌 후, 그 자리에서 바위로 굳어졌다는 전설이 있다.이곳 주변에서는 해녀가 작업하는 모습을 볼 수 있을 뿐만 아니라, 이곳에서 해안 도로를 따라 10여 분 정도 걸어가면 카페 및 주점, 식당 등이 있다.애월읍에서 용두암에 이르는 북제주의 해안도로는 제주 사람들이 가장 많이 찾는  데이트코스이다. 용두암 앞에는 4~5년 전부터 하나둘씩 횟집과 카페가 들어서기 시작해  이젠 자그마한 카페촌이 형성됐다.제주의 명물로 떠오른 카페촌에서 차를 한잔하고 바닷길을 따라가다 보면 이호 해수욕장과 하귀해변, 애월읍으로 이어진다. 이호해수욕장을 넘어서면 검은  현무암과 푸른 물결이 대조를 이루는 바다를 만날 수 있다. 영락없이 캘리포니아의 해안도로를 달리는 듯한 기분. 애월항에는 자그마한 횟집과 어선들이 드라이브의 맛을 더해준다.  더 가면 제주의 3대 해수욕장으로 꼽히는 협재해수욕장. 협재의 옥빛 바다는 환상적이다.',4,1,'/관광지/용두암.jpg','admin',NULL,NULL),(187,'한라산 성판악','관광지','33.3848945984','126.6203951135','63345','성판악사무실 064-725-9950','제주특별자치도 제주시 조천읍 516로 1865			','한라산 등반시 거쳐야 하는 여러 갈래 코스 중의 하나가 성판악이다. 성판악 코스는 관음사 코스와 더불어 백록담이 보이는 화구륜 코스까지 오를 수 있는 한라산 동쪽 코스로 경사가 완만하다. 2003년 3월부터 정상 등반이 연중 가능하다. 제주시와 서귀포를 잇는 5.16도로의 중간 지점 가장 높은 곳에 성판악휴게소가 있는데, 이곳은 한라산으로 오르는 등산로 중의 하나인 성판악 등산로가 시작되는 곳이다. 등산로에는 서어나무 등 활엽수가 우거져서 삼림욕하면서 걷기에 좋다. 주위에는 갖가지 나무가 자라고 있고 철마다 변화 하는 한라산의 아름다움을 느낄 수 있는 곳이다. 성판악 등산로를 따라 정상으로 가다 보면 도중에 높이 1,215m의 성판악을 지나게 된다. ',4,1,'/관광지/한라산 성판악.jpg','admin',NULL,NULL),(188,'휴애리자연생활공원','관광지','33.3085171454','126.6344317363','63608','064-732-2114','제주특별자치도 서귀포시 남원읍 신례동로 256			','휴애리는 서귀포시 남원읍 신례리 한라산 자락에 있는 자연생활 체험 공원이다. 휴애리 대표 축제로는 2월 ~ 3월 제주에서 봄을 가장 먼저 알리는 매화축제를 시작으로 4월 ~ 7월까지 공원 곳곳에서 수국과 산수국을 함께 볼 수 있는 수국축제 9월 ~ 11월 까지 가을 제주를 찾는 사람들에게 핑크핑크한 제주를 선물하는 핑크뮬리축제 11월 ~ 1월 까지 겨울 제주를 대표하는 동백축제가 열리는 등 다양한 볼거리를 제공해 제주 여행시 꼭 방문해야하는 핫플레이스 관광지로 자리매김해 가고 있다.공원 안에는 다양하고 예쁜 포토존들이 구성되어 있어서 핸드폰 충전은 필수이며, 축제 외에도 동물교감체험 등 다양한 체험프로그램으로 인해서 커플이나 가족단위 관광객이 즐겨 찾고 있다. 매시간 정각, 인기절정 흑돼지야놀자 공연이 펼쳐지는데, 공연 30분 전에 공원을 입장하시면 원활하게 공연을 관람하실 수 있고 흑돼지와 거위의 공연을 보고 난후 또 다른 재미인 먹이주기체험을 할 수 있으며, 이 외에도 어미흑돼지와 함께 있는 아기흑돼지를 직접 보고 만지면서 교감을 할 수 있다. 흑돼지뿐만 아니라 토끼, 제주마, 송아지, 염소등 다양한 동물들에게 직접 먹이를 주며 가까이서 관찰할 수 있는 먹이주기체험도 할 수 있다.곤충테마관에서는 토종 곤충과 장수풍뎅이, 사슴벌레, 수중 생물 등 제주도에 서식하는 여러 곤충들을 관찰할 수 있고 최근 인기급부상 중인 귀뚜라미의 생활하는 모습과 울음소리 등을 감상해 볼 수 있어서 더욱 좋은 시간을 보낼 수 있다. 제주를 대표하는 계절체험으로는 감귤체험을 들 수가 있다.감귤맛이 좋기로 소문난 휴애리 감귤체험에서 8월 ~ 9월에는 어린이 교육용으로 감귤체험을 진행하고 10월 ~ 2월 까지 전 연령이 직접 체험하면서 따서 먹어보고 체험해본 귤을 가져갈 수 있다. 4계절 축제 테마 와 다양한 체험거리가 있는 인생사진 명소 제주도 휴애리에 방문하셔서 즐겁고 행복한 추억을 만들수 있는 제주도의 핫플레이스다.',1,1,'/관광지/휴애리자연생활공원.jpg','admin',NULL,NULL),(189,'제주도예촌','관광지','33.2646518077','126.2357228670','63502','064-792-0052','제주특별자치도 서귀포시 대정읍 암반수마농로441번길 3			','제주도예촌은 제주도 무형문화재 제14호 허벅장 \'신창현\' 선생외 전수자 및 제주전통도공, 관련 기능인들이 전통도예의 맥을 잇고 있다. 세계에서 유일하게 돌로 축조된 제주전통가마인 석요는 1960년에 들어서면서 맥이 끊어졌다. 그러다 20년간의 조사와 연구를 토대로 2000년에 복원에 성공한 노랑굴이 공개되면서 유약을 칠하지 않고 불의 힘으로 얻어지는 천연도기가 생산되고 있다.도예촌에는 현재 \'노랑굴\', \'검은굴\' 외에 기왓굴, 축조 중인 굴을 합쳐서 6기를 보유하고 있다. 매년 최소한 1회 이상 학술발표회 및 세미나를 통해서 제주전통도예를 널리 알리고 함께 공유하며 도자기체험행사도 열린다.',4,1,'/관광지/제주도예촌.jpg','admin',NULL,NULL),(190,'생각하는 정원','관광지','33.3254009536','126.2551753838','63005','064-772-3701~3','제주특별자치도 제주시 한경면 녹차분재로 675(한경면)','수백여점의 분재가 오름과 물을 모티브로 한 자연정원에 자리하고 있다. 2007년 분재예술원 개원 15주년을 맞이하여 새롭게 태어나고, 세계적인 정원으로 나아가고자 생각하는 정원으로 정원의 이름을 정식으로 바꾸었다. 생각하는 정원의 역사는 1963년 성범영 원장이 제주에 첫발을 디디고 돌투성이 불모의 땅을 일구기 시작하는 것으로부터이다. 황량한 불모지에 꽃피운 한 농부의 혼불이라는 점에서 세계 언론의 주목을 받고 있으며, 실제 세계명사들이 가장 많이 다녀간 명소이다. 중국 장쩌민 국가주석의 방문과 후진타오 현 주석, 북한 김용순 노동당 비서, 일본 나까소네 총리대신 등 외교사절과 국내외명사들의 방문은 일일이 열거할 수도 없을 정도이다. 현재 이곳에는 400여점의 분재가 전시되어 있으며, 제주 화산석으로 쌓은 돌담과 돌탑, 정원 내에 시원하게 쏟아지는 제주 최대의 인공폭포, 또 하나의 폭포에서 쏟아져 내리는 물줄기는 커다란 잉어들이 한가로이 노니는 연못 등의 공원 시설이 잘 가꾸어져 있다.',1,1,'/관광지/생각하는 정원.jpg','admin',NULL,NULL),(191,'수월봉','관광지','33.2947890147','126.1634201497','63008','제주관광정보센터 064-740-6000','제주특별자치도 제주시 한경면 고산리 3760			','제주의 가장 서쪽 끝머리에 있는 한경면 고산리에 가면 제주에서 가장 넓은 들이 있다. 이 들판 끝  해안가에 솟아있는 조그마한 봉우리가 수월봉이다. 수월봉은  해안에 돌출해 있는 높이 약 77m의 봉우리로 절벽이 예리하고 운치가 있으며 곳곳에서 솟는 용천수는 약수로 유명하다.수월봉 정상에는 기우제를 지내던 육각정인 수월정이 있다. 수월봉 아래 해안을 끼고 이어지는 절벽은 화석층이 뚜렷하여 자연의 신기함을 더하는 곳이다. 수월봉에서는 제주에서 가장 아름답다는 섬인 차귀도가 내려다 보이고, 더욱이  수월봉 정상에 있는 수월정에 앉아서 바라보는 낙조는 제주 어느 곳에서 보는 것보다 아름답다.',1,1,'/관광지/수월봉.jpg','admin',NULL,NULL),(192,'신양 섭지해수욕장','관광지','33.4302500880','126.9280674087','63642','064-740-6000','제주특별자치도 서귀포시 성산읍 섭지코지로 107			','신양 섭지해수욕장은 널리 알려지지 않은 편이어서 때묻지 않은 자연의 아름다움을 그대로 간직하고 있다. 둥그런 초승달 같은 반원형의 이 해수욕장은 백사장의 길이가 300m에 너비가 80m쯤 된다. 평균수심 1m, 경사도 5도 정도로서 파도가 잔잔하고 아늑해서 어린이와 노약자들이 안심하고 해수욕을 즐길 수 있다. 또한 백사장은 돌, 자갈이 거의 없는 대신에 가늘고 고운 연갈색의 모래가 깔려 있다. 마을과 떨어져 있어서 한가롭고 조용한 분위기를 즐기고픈 사람들에게 권할만한 피서지이다. 또한 윈드서핑 장소가 바로 인접해 있으며, 주변에 성산일출봉, 섭지코지 등의 이름난 관광명소가 있다.',1,1,'/관광지/신양 섭지해수욕장.jpg','admin',NULL,NULL),(193,'우도마을','관광지','33.5118833322','126.9648540032','63365','제주관광정보센터 064-740-6000','제주특별자치도 제주시 우도면 우도비양길우도면 일대','우도는 신생대 홍적세 동안의 화산활동 결과로 이루어진 화산도이다. 물소가 머리를 내민 모양이라 우도라 부르는데, 우도8경 등 수려한 자연경관과  청정해역으로 많은 관광객들이 찾고 있는 곳이다. 또한 최근에 영화 \'시월애\'와 \'인어공주\' 등의  촬영지로 알려지면서 세인들의 관심이 더욱 높아지고 있다.',5,1,'/관광지/우도마을.jpg','admin',NULL,NULL),(194,'제주마방목지','관광지','33.4276201646','126.6037011490','63312','064-710-2298','제주특별자치도 제주시 516로 2480			','※ 문화재보호구역, 목장 내부 출입불가 한라산 너른 초원지대에서 한가로이 풀을 뜯고 뛰어노는 평화로운 풍경을 의미해서 고수목마(古數牧馬)라고 불리는 곳이다. 5.16 도로를 이용하여 제주시에서 서귀포로 가다보면 산천단을 지나서 한라산 중턱쯤에 위치한 마방목지를 만나게 된다. 봉긋한 오름과 푸른 빛깔의 들판이 넓게 펼쳐져 있고 그 곳에서 뛰어노는 말들의 모습에 제주여행의 특별함을 느끼게 된다. 마방목지의 말들은 순수한 제주의 혈통 조랑말로 1986년 이후 천연기념물로 지정 보호되고 있다. 작고 아담한 몸집에 성질도 온순하여 사람을 잘 따르며, 추위와 질병을 잘 이겨내는 강인함을 가지고 있다. 매년 4월에서 11월 중순까지 제주마 130여마리를 이곳에서 볼수 있다.',1,1,'/관광지/제주마방목지.jpg','admin',NULL,NULL),(195,'제주힐링명상센터 (무병장수테마파크)','관광지','33.3955976339','126.3610673907','63038','064-799-9983, 064-799-7720','제주특별자치도 제주시 애월읍 어음13길 196			','평화의 섬 제주에 위치한 \'무병장수테마파크\'는일지기가든 산책을 비롯해서 국궁, 승마, 선상크루즈와 단식을 비롯한 각종 체험프로그램 등을 통해서 건강하고 행복한 장생(長生)의 문화를 전하는 테마파크이다. 장생은 단지 오래 사는 것이 아니라 건강하게 행복하게 꿈을 가지고 사는 삶이다. 무병장수테마파크에서는 국궁, 승마, 힐링체험, 섭생체험, 휴양, 가족여행 등 테마명상여행 등을 통해 건강과 행복, 평화를 체험할 수 있다.',1,1,'/관광지/제주힐링명상센터 (무병장수테마파크).jpg','admin',NULL,NULL),(196,'거문오름 [세계자연유산]','관광지','33.4569159249','126.7147325126','63341','064-710-8980~1','제주특별자치도 제주시 조천읍 선교로 569-36			','화구 중심으로부터 유출된 용암류의 침식계곡은 도내 최대 규모로서 전방으로 유선형의 골짜기를 이루며 약 4km 정도 연속되어 나타난다. 오름 동남쪽의 목장지에는 화구 없는 화산체인 용암암설류의 원뿔꼴 언덕들이 집중 분포구좌읍 송당리에 있는 거미오름을 일명 동검은오름이라고 하는데, 이는 이오름(서검은오름)과 구별하기 위한 호칭이라고 한다. 지역주민들 사이에는 분화구의 별칭으로 거물창(거멀창) 이라고 불리기도 하고, 숲으로 덮여 검게 보인다 하여 검은오름이라 부르고 있으나, 학자들의 어원적 해석으로는 `검은`은 神이란 뜻의 고조선 시대의 ` ·감·검`에 뿌리를 두는 것으로 풀이하고 있다. 즉 `검은오름`은 `신령스런 산`이라는 뜻이다. 해송, 삼나무, 측백나무가 조림되어 있고, 울창한 숲을 이룬다.* 해발 456m의 복합형화산체인 거문오름으로부터 흘러나온 용암류가 지형경사를 따라 북동쪽의 방향으로 해안선까지 도달하면서 20여 개의 동굴 무리를 이루고 있는데, 용암동굴계 중에서 벵뒤굴, 만장굴, 김녕굴, 용천동굴, 그리고 당처물동굴은 세계자연유산으로 지정되었다.※ 복합형 화산체 - 산정부에는 커다란 화구가 깊게 패어 있고, 그 안에 자그만 봉우리가 솟아올라 있으면서 북동쪽으로 크게 터진 말굽형 화구 등으로 이루어진다.* 표고 456.6m / 비고 112m / 둘레 4,551m  / 면적  809,860㎡  / 저경 1,188m',4,1,'/관광지/거문오름 [세계자연유산].jpg','admin',NULL,NULL),(197,'비자림','관광지','33.4862530625','126.8074904603','63351','064-710-7911','제주특별자치도 제주시 구좌읍 비자숲길 55			','천연기념물로 지정보호하고 있는 비자림은 448,165㎡의 면적에 500∼800년생 비자나무 2,800여 그루가 밀집하여 자생되고 있다. 나무의 높이는 7∼14m, 직경은 50∼110㎝ 그리고 수관폭은  10∼15m에 이르는 거목들이 군집한 세계적으로 보기드문 비자나무 숲이다. 옛부터 비자나무 열매인 비자는 구충제로 많이 쓰여졌고, 나무는 재질이 좋아 고급가구나 바둑판을 만드는데 사용되어 왔다. 비자림은 나도풍란, 풍란, 콩짜개란, 흑난초, 비자란 등 희귀한 난과식물의 자생지이기도 하다. 녹음이 짙은 울창한  비자나무 숲속의 삼림욕은 혈관을 유연하게 하고 정신적, 신체적 피로회복과 인체의 리듬을 되찾는 자연 건강 휴양효과가 있다. 또한 주변에는 자태가 아름다운  기생화산인 월랑봉, 아부오름, 용눈이오름 등이 있어 빼어난 자연경관을 자랑하고 있을 뿐만 아니라 가벼운 등산이나 운동을 하는데 안성맞춤인 코스이며 특히 영화 촬영지로서 매우 각광을 받고 있다. ',1,1,'/관광지/비자림.jpg','admin',NULL,NULL),(198,'제주목관아','관광지','33.5137037819','126.5220646195','63166','064-710-6714','제주특별자치도 제주시 관덕로 25(삼도이동)','조선시대 제주지방 통치의 중심지였던 제주목 관아(濟州牧 官衙)는 지금의 관덕정을 포함하는 주변일대에 분포해 있었으며, 이미 탐라국시대부터 성주청 등 주요 관아시설이 있었던 곳으로 추정되고 있다. 관아시설은 1434년 관부의 화재로 건물이 모두 불 타 없어진 뒤 바로 역사를 시작하여 그 다음해인 1435년에 골격이 이루어졌으며, 조선시대 내내 중.개축이 이루어졌다. 그러나 제주목 관아는 일제강점기 때 집중적으로 훼철되어 관덕정을 빼고는 그 흔적을 볼 수가 없었다. 제주시에서는 탐라국 이래 조선시대에  이르기까지 제주의 정치.행정.문화의 중심지 역할을 해왔던 제주목 관아를 원래의 양식으로 복구하고자,  1991년부터 1998년까지 4차례 발굴조사를 마친 결과, 탐라시대부터 조선시대에 이르기까지의  여러 문화층과 함께 문헌상에 나타난 중심 건물인 홍화각(弘化閣), 연희각(延曦閣), 우연당(友蓮堂),귤림당(橘林堂)등의 건물터와 유구(遺構)가 확인되고 유물(遺物)도 출토되었다.1993년 3월 30일에 제주목 관아지 일대가 국가사적 제380호로 지정되었고, 발굴과정에서 확인된 초단.기단석 등을 토대로 하고, 『탐라순력도(耽羅巡歷圖)』와 『탐라방영총람(耽羅防營總覽)』 등 당대(當代)의 문헌(文獻) 및 중앙문화재위원·향토사학가·전문가 등의 고증과 자문을 거쳐 관아지 복원 기본설계를 완료, 2002년 12월에 복원(復元)을 완료하였다.',4,1,'/관광지/제주목관아.jpg','admin',NULL,NULL),(199,'퍼시픽 리솜','관광지','33.2450179104','126.4156521304','63535','1544-2988','제주특별자치도 서귀포시 중문관광로 154-17			','퍼시픽리솜에는 마린스테이지, 요트투어샹그릴라, 비바제트보트, 비바잠수보트, 엘마리노뷔페, 더클리프, 그 외 부대시설 (돌코롬살레, 르방블랑제, VR체험, 퍼시픽랜드플리마켓) 등이 있다. 퍼시픽리솜은 올레길 8코스가 지나고 있으며, 먹고 보고 즐기는 모든 것이 있는 제주도 멀티관광지이다. 내부에 다양한 즐길거리가 있어, 어린이, 청소년, 어른까지 모두가 이용할 수 있으며, 중문색달해변에 바로 위치해 있어 아름다운 제주도의 이색적인 풍경이 펼쳐지는 명소이다. 마린스테이지에서는 원숭이, 바다 사자, 돌고래 공연을 하고 있다. 마리나 시설에서는 로맨틱 크루즈 요트투어샹그릴라와 중문 해수욕장 물살을 가르며 달리는 비바 제트 보트를 즐길 수 있다. 엘마리노뷔페는 질 좋은 다양한 음식과 요트가 떠 있는 멋진 오션뷰를 자랑한다.',5,1,'/관광지/퍼시픽 리솜.jpg','admin',NULL,NULL),(200,'천지연 걸매생태공원','관광지','33.2499640127','126.5551177065','63594','064-760-3191','제주특별자치도 서귀포시 서홍로 4-42(서홍동)','서귀포시 서홍동 천지연폭포 상류에 있는 걸매생태공원은 인간과 자연이 공존하는 생태도시의 표본이다. 국내 최대 관광의 보고인 천지연폭포를 보호하고 친환경적인 자연생태를 보존하여 시민과 관광객들에게 자연환경의 소중함을 일깨우는 생태관광자원으로 가치가 높다. 수생식물관찰원, 습지생태계관찰원, 매화 및 야생초화류관찰원, 야생조류관찰원, 목재산책로 등이 조성되어 있어서, 자연을 유흥중심에서 생태자연 중심으로 시민들이 인식하고 시민 스스로 올바른 자연환경을 지켜가도록 만든 이 공원에서 숨쉬는 자연을 만나볼 수 있다. \'걸매\'란 \'물도랑이 자주 막혀 메워져 있는 곳\'이란 뜻으로, 즉 항상 물이 고여있는 장소로 예전에는 논이었다.',1,1,'/관광지/천지연 걸매생태공원.jpg','admin',NULL,NULL),(201,'강정천','관광지','33.2566620021','126.4747384130','63563','064-740-6000','제주특별자치도 서귀포시 강정동(강정동)','서귀포시 강정동 마을 동쪽에 있는 강정천은 평소에는 말라버리는 제주도의 일반 하천과는 달리 사계절 맑은 물이 흐르는 곳이다. 예로부터 대가내천, 대가래천, 큰내 등으로 불렸으며, 강정천을 인접하여 강정취수원과 정수장이 있으며 서귀포시 식수의 70%를 강정천에서 생산 공급하고 있다. 강정천은 용천수로 매년 11월부터 이듬해 4월까지는 용출 수량이 다소 줄어들지만, 풍수기인 6월∼9월에는 많은 수량이 용출되어 바다로 흐르고 있다. 하천길이가 총 16km, 소 7곳, 교량 6개, 폭포 13개가 있고, 맑은 물이 흐르는 하천 양쪽에는 기암절벽과 노송이 우거져 절경을 이루고 있다. 강정천에는 다른 지역에서 보기 어려운 1급수 어종인 은어가  서식하고  있으며, 천연기념물인 원앙이 무리지어 사는게 종종 목격되고 있다. 수려한 자연경관과  맑은 물이  조화를 이루는 명소로 한여름에는 더위를 피해 찾아오는 피서객으로 만원을 이룬다.',4,1,'/관광지/강정천.jpg','admin',NULL,NULL),(202,'김녕성세기해변 (김녕해수욕장)','관광지','33.5566778337','126.7596485488','63348','064-740-6000','제주특별자치도 제주시 구좌읍 구좌해안로 237			','하늘에서 바라본 모습이 한문 평(平) 자를 이룬 모양을 하고 있어 ‘김녕’이라고 불리는, 김녕마을에 있는 해수욕장이다. 거대한 너럭바위 용암 위에 모래가 쌓여 만들어졌으며, 성세기는 외세의 침략을 막기 위한 작은 성이라는 뜻이 담겨 있다. 하얀 모래에 부서지는 파도들이 시원한 소리를 내고, 코발트빛 바다 풍경이 제주 자연의 아름다움을 새삼 느끼게 해주는 곳이다.해변가를 걷다 보면 제주의 바람으로 돌아가는 김녕풍력발전기들을 관찰할 수 있다. 인근에는 갓돔과 노래미 돔이 잘 잡히는 갯바위 낚시터가 낚시꾼들에게 인기 명소이며, 용천동굴, 당처물 동굴, 만장굴 등 다양한 굴이 근처에 위치해 있어 여름에 시원하게 피서를 즐길 수 있다.김녕해수욕장은 특이한 지형으로 인해 지질트레일도 조성이 되어 있는데, 지질트레일은 유네스코 세계지질공원을 활용해 각 지역의 지질자원과 마을의 역사 및 문화와 어울려진 도보길이다.[출처 : 제주관광공사]',1,1,'/관광지/김녕성세기해변 (김녕해수욕장).jpg','admin',NULL,NULL),(203,'협재해변','관광지','33.3937764770','126.2394418960','63011','064-740-6000','제주특별자치도 제주시 한림읍 한림로 329-10			','협재해수욕장은 제주시 서쪽 32km 거리의 한림공원에 인접해 있다. 조개껍질가루가 많이  섞인 백사장과 앞 바다에 떠 있는 비양도, 코발트 빛깔의 아름다운 바다와 울창한 소나무숲이 한데 어우러진 풍광이 매우 아름답다. 백사장의 길이 약 200m, 폭은 60m, 평균수심 1.2m, 경사도 3~8도로서 수심이 얕고 경사가 완만하여 가족 단위의 해수욕장으로 적합하다. 또한 각종 편의시설이 잘 갖추어져 있으며 소나무 숲에서는 야영도 가능하다. 이 해수욕장의 남서쪽 해안은 금릉해수욕장과 이어져 있는데, 주민들은 두 해변을 합쳐 협재해수욕장이라고도 부른다.해수욕장 내에는 탈의실, 샤워실, 휴게소, 식수대, 화장실 등 각종 편의시설이 있어 이용하기에도 편리하다. 또 해수욕장 주변에는 짙은 송림이 있어 야영과 산림욕을 즐길 수 있고, 전복과 소라가 많이 잡히기 때문에 싱싱한 해산물을 마음껏 맛볼 수 있다. 멀지 않은 곳에는 한림공원과 협재굴, 명월대, 황룡사, 영각사 등이 있어 해수욕과 함께 주변을 둘러볼 수 있으며 특히 해수욕장 정면에 보이는 비양도의 모습은 맑고 깨끗한 해수와 어울려 아름다운 풍광을 연출하며 이곳에서 바라보는 낙조 또한 아름답다.',1,1,'/관광지/협재해변.jpg','admin',NULL,NULL),(204,'서귀포 김정희 유배지','관광지','33.2499652075','126.2783333805','63517','064-710-6803','제주특별자치도 서귀포시 대정읍 추사로 44			','추사 김정희(1786~1856)선생이 조선 헌종 6년(1840) 10월 1일부터 헌종 14년(1848) 12월 6일까지 9년간 유배생활을 하였던 곳이다. 1948년 제주도 4·3사건 때 불타버리고 빈 터만 남았다가 1984년 강도순 증손의 고증에 따라 다시 지은 것이다. 북학의 대가이며 학예에 출중한 당대의 선구자였던 추사 김정희 선생이 이곳에 다년간 머무름으로써 제주 인문의 일대 혁신의 계기가 되었다. 선생은 금석문과 서화에 능통 하였으며, 특히, 서체의 새로운 경지를 개척한 추사체는 널리 알려져 있다.  특히 여기서 그린 \"세한도(국보)\"\"\"\"는 선생의 서화의 경지를 유감없이 발휘한 작품으로 알려져 있다.\"\"\"',4,1,'/관광지/서귀포 김정희 유배지.jpg','admin',NULL,NULL),(205,'돈내코(원앙폭포)','관광지','33.3005255267','126.5820170154','63582','064-710-6920','제주특별자치도 서귀포시 돈내코로 137			','계곡 양편이 난대 상록수림으로 울창하게 덮여 있고 높이 5m의 원앙폭포 (돈내코 입구에서 1.5㎞, 20분 소요)와 작은 못이 있어 그 경치가 매우 수려하다. 한라산에서 내려오는 얼음같이 차고 맑은 물이 항상 흐르고, 주변경관 또한 빼어나 물맞이를 비롯한 피서지로  유명한 곳이다. 백중날 (음력 7월 보름)에는 물을 맞으면 모든 신경통이 사라진다는 얘기가 있어 사람들이 가장 많이 붐빈다. 돈내코 유원지 입구에서 계곡까지 약 700m 정도에 달하는 숲길은 삼기를 나무가 빽빽이 들어서 있고 중간 중간에 나무 벤치가 있어 산림욕하기에 좋다. 특히 해발 400m 일대에는 희귀식물인 한란과 겨울딸기가 자생하고 있는 것으로 유명하다. 계곡 입구 건너편 300m 떨어진 도로변에 야영장과 주차장, 취사장, 체력단련 시설이 잘 갖추어져 있고 향토 음식점이 있어 토종닭 등 제주 특유의 별미를 맛볼 수 있다.',5,1,'/관광지/돈내코(원앙폭포).jpg','admin',NULL,NULL),(206,'천왕사(제주)','관광지','33.4077400777','126.4950471433','63080','064-748-8811','제주특별자치도 제주시 1100로 2528-171(노형동)','한라산 중턱에 자리 잡고 있는 천왕사는 제주의 여느 사찰과 마찬가지로 그 역사가 오래되지는 않았다. 천왕사 마당에 들어가니 머리위에서 까마귀가 까악까악 울며 날아다닌다. 신기해서 까마귀를 쫓아 눈을 돌리다보니 산 중턱에 신기한 기암괴석들이 보인다.  천불전 뒤 산은 경복궁 근정전 뒤의 용머리 바위와 닮은 꼴이다. 법당 앞에 가면 참배객들이 쌓아 놓은 기원탑이 있다. 천왕사는 한라산 어승생악으로 올라가는 길목에 위치하고 있어서 불자가 아니더라도 많은 사람들이 이곳을 찾는다.',5,1,'/관광지/천왕사(제주).jpg','admin',NULL,NULL),(207,'아홉굿마을','관광지','33.3278474553','126.2264222730','63004','064-773-1946','제주특별자치도 제주시 한경면 낙수로 97			','낙천리는 하늘에서 천 가지의 기쁨을 내려 주었다하여 붙여진 이름이다. 낙천리 아홉굿마을은 올레길 13코스 중간지점에 위치해 있으며, 아홉굿은 제주도에서 보기 드문 9개의 샘이 있다는 뜻과 마을방문객에게 아홉 가지 좋은(good)것을 나눠주는 즐거운 마을이라는 의미를 가지고 있다. 땅이 기름져서 밭작물이 맛있기로 유명하며, 특히 보리가 맛있기로 유명합니다. 밤에는 풀벌레의 노래 소리가 들리고 장수풍뎅이가 찾아드는 천혜의 청정함과 즐거움이 솟아나는 곳이다.천혜의 자연경관으로 북제주 10경을 볼 수 있는 아홉굿마을은 100m 지하암반수로 키워낸 보리, 토마토, 파프리카, 브로콜리 등 건겅한 먹거리와 다양한 체험거리가 있는 전통농촌문화마을이다. 아홉굿마을 체험교실에는 보리수제비만들기, 보리피자만들기, 보리빵만들기 등 물좋은 낙천리에서 생산된 우수농산물을 가지고 직접 만들어 시식하는 체험이 있고, 토마토, 파프리카 등 제철에 생산되는 농산물을 수확하는 체험이 있다. 최근에는 가로수로 올리브나무를 심어 올해부터는 올리브나무 체험도 가능하다.',4,1,'/관광지/아홉굿마을.jpg','admin',NULL,NULL),(208,'관덕정(제주)','관광지','33.5132954930','126.5219701925','63166','064-740-6000','제주특별자치도 제주시 관덕로 19(삼도이동)','제주도내에서 가장 오래된 건축물 중의 하나인 보물 관덕정은 조선 시대 세종 30년(1448)에 목사 신숙청이 사졸들을 훈련시키고 상무 정신을 함양할 목적으로 이 건물을 세웠다. 관덕정이란 이름은 [사이관덕]이란 문구에서 나온 것으로 활을 쏘는 것은 평화시에는 심신을 연마하고 유사시에는 나라를 지키는 까닭에 이를 보는 것은 덕행으로 태어난 곳이다. 대들보에는 십장생도, 적벽대첩도, 대수렵도 등의 격조 높은 벽화가 그려져 있고, 편액은 안평대군의 친필로 전해오고 있다.',4,1,'/관광지/관덕정(제주).jpg','admin',NULL,NULL),(209,'제주선인장마을','관광지','33.3752003821','126.2156554900','63010','064-796-6128','제주특별자치도 제주시 한림읍 월령1길 1-1			','월령해안을 따라 손바닥 선인장이 분포되어 있는데, 4월까지는 붉은 열매가 달린 선인장, 5월부터는 노란 꽃이 만개한 손바닥 선인장과 산호모래 바다가 어우러진 이국적 풍치를 즐길 수 있다. 월령리 농공단지에 위치한 제주특산물개발원은 손바닥 선인장 열매을 한림농협에서 원료제공, 추출하여 만든 선인장 엑기스와 백년초, 꿀, 선인장 과립 제품 등을 생산하고 있다.',4,1,'/관광지/제주선인장마을.jpg','admin',NULL,NULL),(210,'서귀포잠수함','관광지','33.2392291431','126.5587093030','63594','064-732-6060','제주특별자치도 서귀포시 남성중로 40			','1988년 동양 최초, 세계에서 세 번째 잠수함을 운항하여 20여 년 역사와 노하우에 최고의 기술력 그리고 안전성과 편리함을 더한 가장 최근에 핀란드에서 신규 건조한 세계에서 가장 큰 최신형 잠수함을 운항하고 있다. 서귀포잠수함의 운항구역인 서귀포문섬(천연문화재구역)은 천연보호구역으로써 형형색색의 산호초와 물고기 떼, 그리고 갖가지 해조 등이 한데 어우러져 아름다운 해저 비경을 간직하고 있는 세계적으로 유명한 다이빙 포인트이며, 아시아에서는 제일로 아름다운 곳이기도 하다. 그리고 서귀포잠수함에서만 가능한 신비와 환상을 경험할 수 있는 수많은 물고기 떼와 진귀한 맨드라미 산호 군락, 바닷속 40m에서 자연과 동화되어 그 일부가 되어버린 국내 유일의 난파선을 관람할 수 있다. 1988년부터 쌓아온 기술력에 ISO 인증을 더한 보다 안전하고 품격 높은 잠수함 관광을 최장시간 무사고 안전운항으로 세계 기네스 기록을 보유하는 최고의 안전성을 자랑한다. 이러한 노력으로 잠수함업계에서 유일하게 우수관광사업체로 지정되었다.',4,1,'/관광지/서귀포잠수함.jpg','admin',NULL,NULL),(211,'따라비 오름','관광지','33.3859437827','126.7503310450','63622','064-740-6000','제주특별자치도 서귀포시 표선면 가시리산62','3개의 굼부리가 있는 것이 가장 큰 특징이다. 크고 작은 여러 개의 봉우리가 매끄러운 등성이로 연결되어 한 산체를 이룬다. 말굽형으로 열린 방향의 기슭쪽에는 구좌읍 `둔지오름`에서와 같은 이류구들이 있다. 이류구가 있는 것으로 보아 비교적 최근에 분출된 신선한 화산에 속하는 것으로 판단된다고 한다. 화산체가 형성된 후에 용암류가 분출, 화구륜의 일부가 파괴되어 말굽형을 이루게 용암의 흐름과 함께 이동된 이류(泥流)가 퇴적한 것 호칭이 여러개가 있고 그 어원에 대한 해석이 구구함. 주위의 묘비에는 대개 地祖岳(지조악) 또는 地翁岳(지옹악)으로 표기돼 있고, 多羅肥(다라비)라는 것도 보이며, 한글로는 따라비라 적힌 것도 있다고 한다. 옛 지도에는 지조악이라는 것은 찾아볼 수 없다고 하며 多羅非(다라비)로 나온다고 한다.',4,1,'/관광지/따라비 오름.jpg','admin',NULL,NULL),(212,'정방폭포','관광지','33.2450398180','126.5716052770','63599','064-733-1530','제주특별자치도 서귀포시 칠십리로214번길 37			','천지연, 천제연과 더불어 제주도내 3대 폭포중의 하나인 정방폭포는 서귀포시 중심가에서 약 1.5㎞ 동남쪽에 위치해 있다.바다로 직접 떨어지는 동양 유일의 해안폭포로서 높이 23m, 폭 8m, 깊이 5m에 이른다. 웅장한 폭포음과 쏟아지는 물줄기에 햇빛이 반사되면, 일곱색깔의 무지개가 푸른 바다와 함께 어우러져 신비의 황홀경을 연출한다. 예로부터 이곳을 정방하폭(正房夏瀑)이라 하여 영주십경의 하나로 삼았다. 중국 진나라 시황제가 \"서불(徐 )\"\"\"\"에게 동양의 삼신산의 하나인 한라산에 가서  불로초를 캐어 오도록 하였으나 불로초를 찾지 못하고 정방폭포의 절벽에 \"\"\"\"서불과지(徐市過之)\"\"\"\"라는 글을 새기고 서쪽으로 돌아갔다는 이야기가 있다. 해변을 끼고 높이 솟은 절벽에는 노송이 바다로 나뭇가지를 드리워 넘어질 듯 서 있으며 각종 수목이 울창하다.\"\"\"',1,1,'/관광지/정방폭포.jpg','admin',NULL,NULL),(213,'섭지코지','관광지','33.4302500880','126.9280674087','63642','제주관광정보센터 064-740-6000','제주특별자치도 서귀포시 성산읍 섭지코지로 107			','제주에 첫발을 디딜 때, 운이 좋다면 가장 먼저 눈에 띄는 것은 멀리 한라산이 거대한 덩치를 뽐내며 웅장한 자태로 솟아있는 모습이다. 날씨가 그리 썩 좋지 않더라도 비행기창을 통해서나 배갑판 위에서 바라 보았을 때 희뿌연 안개낀 제주섬 위로 봉긋 솟아 있는 한라산의 모습은 과연 환상의 섬 제주 이런가 하는 것을 새삼 느끼게 한다.봄소식이 제일 먼저 찾아오는 제주. 뭍에서는 찬바람 씽씽 불어오는 추운 겨울날 이미 제주의 봄은 시작되었을 터. 하지만 봄이 가장 먼저 시작되는 제주라 할지라도 바람센 제주에서 제법 봄의 정취를 느끼기에는 노란 유채꽃이 피어올라야만 비로소 실감할 수 있다.  화려한 유채꽃이 한창인 명소는 제주도 어디에서나 볼 수 있지만, 그 중 한라산 동편, 즉 제주동쪽 해안의 섭지코지는 기막힌 해안절경과 흐드러지게 피어난 노란유채꽃밭의 어우러짐으로 4월 제주 기행에 있어 빼놓을 수 없는 풍광을 보여준다. 지척에 너무도 잘 알려진 경승지 성산일출봉이 코 앞에 있어, 봄날 섭지코지의 아름다움이 그 빛이 덜하지만 차라리 그덕에 한적함과 낭만적인 멋이 더욱 풍겨나는 이곳이 여행자들에게는 더 오래도록 기억에 남을 것이다.섭지코지는 코지(코지곶을 의미하는 제주 방언)라는 지명에서 알 수 있듯 코의 끄트리 모양 비죽 튀어나온 지형이다. 위치상으로는 서귀포시 성산읍 신양리 해안에 돌출되어 있다.  외지인들에게는 찾아가기가 그리 쉽지는 않은데 대개의 경우 신양리 해안 국도변에서  마을로 진입하여 이정표를 보고 콘크리트로 포장된 길을 따라가면 코지 끝에까지 이를 수 있다. 또는 서귀포 방면에서 찾아온다면, 표선시내를 지나 약 7km 쯤 가서 우측으로 해안도로 표지판이 나오면 여기서 우회전하여 줄곧 바다를 끼고 정면으로 섭지코지 전경을 바라보며 달리다가 이내 신양해수욕장 백사장이 보이고 마을 앞에 이르러 우회전, 마찬가지로 콘크리트 도로를 따라가면 된다.신양리 마을을 지나면서 우측으로는 깨끗하고 고운 모래밭 정경이 인상적인 신양해수욕장의 한가로운 풍경이 나란히 한다. 널찍한 곳에 이르러 주차관리소가 나오면 여기서 코지 가는 길이 두 갈래로 나뉜다. 좌측 길은 코지 북쪽해안을 끼고 달리는 길로 약 1.5km의 구간 내내 제주 특유의 검은돌 해변과 넘실대는 바다 너머로 거대한 성산 분화구의 웅장한 모습을 바라보면서 달리는 길이다. 반면 코지 남쪽해안인 우측 길을 따르면 중간중간 노란 유채꽃들도 보이고 혹은 언덕위 풀밭에서 유유자적 풀을 뜯는 제주 조랑말의 목가적인 풍경도 눈에  띄는데 약 2.5km쯤 가면 길은 끝나고 드넓은 제주 바다를 대면하게 된다. 한편 이 남쪽해안길 끝은 넓은 광장으로 되어 있으며 주변에 횟감이나 어패류 등의 해산물을 파는 간이상점들이 늘어서 있어 풍경을 감상하며 식도락을 즐길 수도 있다. 하지만 섭지코지 여행의 으뜸은 단연 코지 끝 언덕위에 올라 눈이 부시게 피어난 유채밭 사이를 거닐면서 섭지코지의 해안 절경과 눈앞에 보이는 거대한 코끼리 모양의 성산 일출봉의 장관을 함께 마주하는 것이다.특히 이곳의 유채꽃은 밝은 햇살과 푸른 바다빛과 어울려 그 어느 곳에서보다 더욱 선명하고 고운 빛깔을 띄고 있다. 넓고 평평한 코지언덕 위에는 옛날 봉화불을 지피던 협자연대라는 돌로 만든 봉수대가 세워져 있는데 높이 약 4m, 가로세로 9m의 정방형으로 비교적 원형대로 보존되어 있다.연대에서 동북 방향으로 솟아있는 봉우리는 일명 붉은오름으로, 제주말로 송이라고 하는 붉은색 화산재로 이루어진 오름인데, 정상에 서있는 하얀 등대의 모습이 노란 유채 꽃밭과 오름의 붉은 흙빛, 그리고 파란하늘빛, 바다빛과 대비되는 또다른 이국적인 정취를 불러 일으킨다. 등대까지는 철계단이 마련되어 있어 쉽게 올라갈 수 있으며 등대 난간에 올라서면 과연 기가막힌 섭지코지의 해안절경이 바로 코 앞에 펼쳐진다. 그 중 절벽아래로 보이는 촛대 모양으로 삐죽 솟은 바위는 용왕의 아들과  하늘나라 선녀에 대한 슬픈 짝사랑의 전설이 담긴 선돌로,  하늘을 향해 치솟은 족한 정수리에 온통 갈매기 배설물로 허옇게 덮여있는 것이 마치 사람이 흰 눈을 이고 있는 듯한 모습이어서 더욱 시선이 끌린다.붉은오름 위에서는 성산일출봉 뿐만 아니라 섭지코지의 전경을 한 눈에 바라볼 수 있다. 더욱 유채꽃이 한 4월 제철을 맞은 여기 넓은 들한복판에 서면 자신도 모르는 사이, 어느새 영화속의 주인공이 된듯한 착각에 빠질 수도 있을 것이다. 언덕에서 내려서는 길은 왔던 길을 되돌아 갈 수도 있지만, 차를 가지고 오지않았다면, 유채꽃밭 사이를 가로 질러 건너편의 코지 북쪽 길가로 내려서서 느긋하게 걸어 돌아와도 좋겠다. 다만, 코지 언덕 위에서 바다쪽으로는 위험한 절벽으로 되어 있어  실족치 않도록 유의하고 또한 등대 남쪽 황토 흙길 내리막에서도 미끄러지지 않도록 주의한다.  주차 관리소에 차를 세워두고 섭지코지를 한바퀴 돌아보는 데는 도보로 대략 1시간 30분 정도가 소요되며, 급하지 않다면 차를 타고 휙 지나치는 것보다는 소풍나온 기분으로 걸어서 산책을 즐기기를 권한다. 아울러 섭지코지 인근의 제주민속촌과 우도 등도 함께 둘러보면 좋다. 한편 제주도에서 가장 영화에 많이 등장한 곳은 섭지코지이다. 성산일출봉 옆에 있는 섭지코지에서 ‘단적비연수’, ‘이재수의 난’, ‘천일야화’, 드라마 ‘올인’ 등이 촬영됐다.',1,1,'/관광지/섭지코지.jpg','admin',NULL,NULL),(214,'안덕계곡','관광지','33.2561962249','126.3516241030','63531','제주관광안내소 064-740-6001','제주특별자치도 서귀포시 안덕면 서안골로(안덕면)','화순리에서 동쪽으로 2km쯤 가면 감산리 마을 일주도로가에 안덕계곡이 있다. 천연기념물로 지정된 상록수림지대가 있어 구실잣밤나무, 참식나무, 후박나무 등의 오래된 나무가 서 있으며 수십 길의 벼랑이 병풍처럼 둘러 있다. 입구에서 폭포까지 들어가는 길이 운치있고 밤이면 불빛이 밝혀져 한결 분위기를 돋군다.* 안덕계곡 상록수림지대이 지역은 하천변일대의 난대림 지대를 문화재보호법에 의하여 천연기념물로 지정하여 보호하고 있는 곳으로 식물의 채취, 야생동물 포획 등 자연을 손상시키는 행위를 금하고 있다. 계곡 양쪽의 상록수림과 하천의 맑은 물, 군데군데 있는 동굴 등은 선사시대의 삶의 터전으로도 알맞았을 것으로 보인다. 추사김정희 등 많은 학자들이 찾았던 곳이다. 특히 계곡에는 희귀식물인 솔잎란, 소사나무, 지네발란, 녹나무, 육박나무, 호랑가시나무 등 희귀식물과 담팔수와 개상사화 등이 자생하고 있을 뿐만 아니라, 보존이 잘되어 있는 난대림의 원식생으로서 가치가 높아 천연기념물로 지정되어 있다. 이곳에는 300여 종의 식물이 분포하며 특히 양치식물이 많이 있는 것이 특색이다.',4,1,'/관광지/안덕계곡.jpg','admin',NULL,NULL),(215,'산방산(제주)','관광지','33.2362672397','126.3115002498','63528','064-794-2940','제주특별자치도 서귀포시 안덕면 산방로 218-10(안덕면)','제주도 서남부의 평야지대에 우뚝 서 있어 어디에서도 조망이 가능한 종 모양의 종상화산체다.  용암돔 남측 절벽의 높이 150~300m 사이에는 다양한 모양과 크기의 풍화혈과 애추가 발달되어 있고, 해발 150m쯤에 길이 약 10m, 너비와 높이가 약 5m인 산방굴이라고 하는  해식동굴이 바다를 향해 특색 있는 경관을 이루어 있어 영주십경의 하나이다.산방산 입구에 왼쪽은 산방사, 오른쪽은 보문사 적멸보궁이라는 두 개의 사찰이 있고, 이 두 사찰 사이의 돌계단 길을 쭉 따라 올라가면 산방굴사가 나온다. 산방산 앞 도로변에는 연대가 세워져 있는데, 연대는 횃불과 연기를 이용하여 정치·군사적으로 급한 소식을 전하던 통신수단을 말한다. 봉수대와는 기능면에서 차이가 없으나 연대는 주로 구릉이나 해변지역에 설치되었고 봉수대는 산 정상에 설치하여 낮에는 연기로 밤에는 횃불을 피워 신호를 보냈다. 조선 세종 19년(1437) 왜구의 침입에 대비하여 쌓은 것으로 추정되는데, 1950년 한국전쟁을 거치면서 없어졌다. 현재는 연대의 주춧돌로 보이는 돌들만이 남아 있다.산방산은 워낙 산 자체의 높이가 높고 해안에 접해있으므로 해서, 구름이 산머리에 걸려 있거나 휘몰아치는 광경을 종종 목격할 수 있으며, 각 사면 기스락에서는 판이한 기후특성을 보여주기도 한다. 또한, 이러한 기후특성은 화산체상의 식생에 독특한 특징을 부여하고 있기도 하여, 식물학적으로도 중요한 보호지역이다. 산 정상에는 후박나무, 구실잣밤나무, 까마귀쪽나무, 생달나무, 참식나무 등 상록수림이 울창하고, 특히, 암벽에는 암벽 식물인 지네발란, 섬회양목 등 희귀식물이 자생하고 있어 천연기념물로 지정보호되고 있으며, 산방산에서 조사된 관속식물은 79과 186속 201종 33변종 1아종으로서 모두 255종이다.* 표고  395.2m / 비고  345m / 둘레 3,780m /  면적 988,332㎡ / 저경  1,314m',4,1,'/관광지/산방산(제주).jpg','admin',NULL,NULL),(216,'우도 등대','관광지','33.4920855483','126.9665931996','63365','제주관광정보센터 064-740-6000','제주특별자치도 제주시 우도면 우도봉길 105(우도면) 부근','먼 옛날, 물 부족으로 고민하던 우도 주민들 은 섬 남서쪽의 동천진동에 우물을 열심히 팠다. 그러나 기대하던 물은 나오지 않았다. 지관(地官)을 불러 연유를 물었다. 지왈, “여자없이 어떻게 자식(물)을 낳는가. 각시를 데려와라. 그것도 서쪽 어두운 곳의 색시여야 해.” 라고 했다. 주민들은 수소문끝에 바다 건너 구좌읍 종달 리 ‘서느렝이굴’ 속에서 솟아나는 생수를 발 견했다. 정성껏 제(祭)를 지내고 물을 항아 리에 담고 새색시를 모셔오듯 가마에 실었다. 이어 섬으로 운반해온 생수를 우물에 쏟아부 었다. 그러자 신기하게도 습기가 금방 차면 서 물이 솟구쳐 올랐다. 더욱 놀라운 것은 다 른 곳의 물보다 더 깨끗하고 벌레가 생기지 않았다.제주 성산포항에서 북동쪽으로 약 3.8km 지점에 위치한 우도는 제주도 연안에 산재하는 부속 도서 중 가장 큰 섬이다. 섬의 형태가 소가 드러누워 머리를 내민 모습과 비슷하다고 하여 우도(牛島)라 불린다.우도 등대는 2003년 12월 높이 16m 원형콘크리트조의 새로운 등탑 신축과 더불어 IT기술을 접목하여 순수 국내기술로 개발한 대형 회전식 등명기를 설치 50km 밖에서도 확인할 수 있도록 광력을 증강시켰으며 우리나라 최초로 등대를 테마로 한 등대공원을 조성하여 해양관광상품을 개발 지역경제 발전에 기여하고 있으며, 홍보 전시실 및 항로 표지 3D체험관과 세계7대 불가사의중 하나인 파로스 등대 등 우리나라 및 세계의 유명한 등대 모형 14점을 전시하여 관광객의 손과 마음을 바쁘고 즐겁게 한다. 우도는 산호가 부서져 형성된 하얀 모래사장으로 유명한 산호해수욕장등 빼어난 경관을 자랑하는 ‘우도8경’과 청정 해역으로 많은 관광객들이 찾고 있는 곳이다. 또한 최근에 영화 ‘시월애’와 ‘인어공주’, ‘연리지’등의 촬영지로 알려지면서 일본인 관광객등 세인들의 관심이 더욱 높아지고 있다.* 최초점등일 - 1906년 3월* 구조 - 원형 콘크리트조 (16m)* 등질 - 섬백광 20초1섬광 (FIW20s)* 특징 - 우리나라 최초로 등대를 테마로한 등대공원 조성',7,1,'/관광지/우도 등대.jpg','admin',NULL,NULL),(217,'곽지해수욕장 (곽지과물해변)','관광지','33.4460300474','126.3043961883','63034','064-728-3985','제주특별자치도 제주시 애월읍 금성5길			','곽지해수욕장은 길이 350m, 너비 70m의 백사장과 평균수심 1.5m, 경사도 5~8도의 좋은 조건을 갖춘 해수욕장이다. 이러한 조건때문에 청소년 수련장이 설치되고 단체 피서객이 많이 찾는다. 곽지리는 선사시대의 패총이 발견되었을 정도로 유서 깊은 마을이다. 지금의 곽지해수욕장은 옛날에 마을이 들어서 있던 곳이었으나, 어느날 갑자기 모래에 파묻혔다는 전설이 전해온다.',1,1,'/관광지/곽지해수욕장 (곽지과물해변).jpg','admin',NULL,NULL),(218,'일출랜드','관광지','33.3812096725','126.8422676322','63635','064-784-2080','제주특별자치도 서귀포시 성산읍 중산간동로 4150-30			','일출랜드(미천굴 관광지구)는 미천굴을 중심으로 하여 제주도 동부지역을 개발한 곳으로서 미천굴은 지하(地下)의 신비(神泌)를 간직한 학술적, 관광적, 문화적 가치를 간직한 중요한 자원이며 그 주변에는 맑은 공기, 깨끗한 물, 푸른 들판, 오름(기생화산)을 간직.분포하고 있다.특히 원초적인 암흑의 지하공간은 인간으로서의 정신적인 원점에서 인간의 본질과 미래에 대해서 사색하고 추상하는 창조의 공간으로 다도해, 계영지, 첨성대, 석심수 등 볼거리가 무궁무진하다. 도시 속에서는 맛볼 수 없는 자연미를 느낄 수 있는 새로운 태양이 떠오르는 휴식공간인 미천굴 관광지구 일출랜드에서 자연이 주는 여유를 마음껏 만끽할 수 있을 것이다.',4,1,'/관광지/일출랜드.jpg','admin',NULL,NULL),(219,'외돌개(제주)','관광지','33.2402621646','126.5462159180','63594','064-760-3192','제주특별자치도 서귀포시 서흥동			','기다림을 지나 그리움은 돌이 되어버리고 뭍에서 아슬아슬하게 홀로 외롭게 바다에 서있다고 해서 붙여진 외돌개 남주의 해금강 서귀포 칠십리 해안가를 둘러싼 기암절벽 중 가장 눈에 띄는 것이 20m높이의 기둥 바위인 외돌개이다. 서귀포 시내에서 약 2㎞쯤 서쪽에 삼매봉이 있고 그 산자락의 수려한 해안가에 우뚝 서 있는 외돌개는 약 150만년 전 화산이 폭발하여 용암이 섬의 모습을 바꿔놓을 때 생성되었다. 꼭대기에는 몇 그루의 소나무들이 자생하고 있다. 뭍과 떨어져 바다 가운데 외롭게 서있다 하여 외돌개란 이름이 붙여졌으며 고기잡이 나간 할아버지를 기다리다가 바위가 된 할머니의 애절한 전설이 깃들어 있어 `할망바위`라고도 불린다. 바위끝에 사람의 머리처럼 나무와 풀들이 자라고 있고 그 왼편으로 할머니의 이마와 깊고 슬픈 눈망울과 콧등의 윤곽이 어렴풋이 보이고 쩍 벌어진 입모양은 할머니가 할아버지를 외치며 찾던 모습 그대로이다.외돌개 바로 밑에는 물위에 떠있는 듯한 바위가 있는데 이는 할머니가 돌로 변한 후 할아버지의 시신이 떠올라 돌이 된것이라 한다. 뒤로는 선녀바위라는 기암절벽이 돌이 되어버린 할아버지와 할머니를 안스러운듯 병풍처럼 펼쳐서 감싸안고 있는 모습이다. 또한, 설화에 의하면 고려말 최영 장군이 제주도를 강점했던 목호(牧胡)의 난을 토벌할 때 외돌개 뒤에 있는 범섬이 최후의 격전장 이었는데 전술상 이 외돌개를 장대한 장수로 치장시켜 놓았다. 그러자 목호들이 이를 대장군이 진을 치고 있는 것으로 오인하여 모두 자결하였다 한다.그래서 이 외돌개를 `장군석`이라는 이름으로도 불리고 있다. 외돌개로 가는 왼쪽 길목에 소머리바위라고 하는 바위가 있는데 이 바위 위에는 넓은 잔디밭이 펼쳐지고 주변에는 천연적인 낚시포인트로서 휴식과 레저를 겸한 유원지가 되고 있다.외돌개 뒤에 보이는 범섬에 석양이 어릴 때의 경관은 더없이 장엄합니다. 서귀포 체류시 아침이나 저녁에 삼매봉과 같이 산책코스로 좋다. 관련지식 약 150만 년전 화산이 폭발할 때 생성되었다. 외돌개는 파도의 침식작용에 의해 강한 암석만 남아 있는 것으로 시스텍이라 한다. 인근 문섬 및 범섬 천연보호구역은 천연기념물 (2000. 7. 18)로 지정되었다.',4,1,'/관광지/외돌개(제주).jpg','admin',NULL,NULL),(220,'관음사(제주)','관광지','33.4237615317','126.5581440803','63244','064-724-6830','제주특별자치도 제주시 산록북로 660(아라일동)','한라산 650m 기슭에 자리한 대한불교 조계종 제23교구 본사 관음사는 제주의 30여 사찰을 관장하는 제주불교의 중심이다. 그 힘의 근원은 제주의 불교역사에서 찾을 수 있다.제주의 여러 신화, 전설, 민담에 관음사를 괴남절(제주 방언으로 관음사), 개남절, 동괴남절, 은중절이라고 민간에 유포되어 전해온다. 고려성종때 지리서인 『신증동국여지등람』에 관음사의 기록이 남아있으며, 조선시대에도 존재했던 사찰이라는 기록이 남아있다. 그러다 유교를 국가 통치이념으로 삼았던 조선의 지배자들이 1702년 이형상목사에 의해 제주 지역 사찰이 전부 훼철되면서 관음사도 사라지게 되었다.200년의 명맥불교를 유지하다, 지난 1908년 안봉려관 스님에 의해 중창되었다. 스님은 지역의 반대에 부딪치는 어려움 속에서도 해월굴에서 3년간 관음기도를 드리며 법당과 요사를 완공하기에 이른다. 뒤이어 통영 영화사 등지에서 불상과 탱화를 모셔와 여법한 사찰의 모습을 갖추게 되었다.절의 외형을 갖추는 불사가 일단락되자, 제주 중심지인 중앙로에 시내 포교당인 대각사를 세워 제주 도민과 함께 호흡하는 적극적인 포교활동을 펼친다. 이로 인해 오랜 시간 맥이 끊겼던 제주의 불교가 관음사를 중심으로 살아나기 시작한 것이다.그러나 1939년 불이나 대웅전 등이 모두 불타 없어지면서 관음사도 질곡에 찬 역사의 소용돌이 속으로 빠져 들고 만다. 이어 1948년 제주 4·3사건 당시 관음사의 위치가 전략적 요충지였기에 토벌대와 입산 무장대가 관음사를 중심으로 상호간 첨예하게 대치하였고, 이러한 과정에서 관음사는 모든 전각이 전소되었다.한라산이 입산금지가 풀리면서, 지난 1969년부터 대웅전을 시작으로 선방, 영산전, 해월각, 사천왕문, 일주문, 종각 등이 차근차근 불사가 이루어지면서 지금의 모습을 되찾은 것이다.<출처 : 제주 관음사>',4,1,'/관광지/관음사(제주).jpg','admin',NULL,NULL),(221,'사라봉공원','관광지','33.5180620158','126.5460485461','63284','064-728-3605','제주특별자치도 제주시 사라봉동길 74			','사라봉 공원은 제주시 동문로터리에서 동쪽으로 2km 거리에 있는 143m 높이의 낮은 동산이다. 이곳에서 볼 수 있는 사봉 낙조는 영주 12경의 하나로 성산일출과 대조가 될만하다. 쪽으로는 바다를 끼고 남쪽으로는 한라산을 바라보고 있는 이곳은 제주시민은 물론 관광객도 즐겨 찾는다. 라봉입구 버스 정류장에서 공원으로 가는 길에 모충사가 있고 사라봉 동쪽에는 패러글라이딩 활공장이 있는 별도봉이 들어앉았다.  기슭에 우당도서관이 있는데 이곳에서 부터 사라봉 뒤편을 돌아 제주항을 거친 다음 탑동까지 가는 코스는 이름난 드라이브 코스이다.',1,1,'/관광지/사라봉공원.jpg','admin',NULL,NULL),(222,'이상한 나라의 앨리스','관광지','33.2889726923','126.3218259602','63522','064-794-4700','제주특별자치도 서귀포시 안덕면 중산간서로 1881			','국내 최초 거울로 된 미로! 이상한 나라의 앨리스 안은 마치 아주 넓은 공간에 들어온 느낌으로 배경과 함께 즐기면서 미로 탈출을 체험하는 공간이다. 미로 속에는 유럽의 고대 건물 등 모형으로 좁은 장소에 설치된 거울미로 이지만 결코 쉽게 빠져 나오지는 못한다. 어느 것이 진짜인지, 마지막 출구 어둠의방에는 미라, 코브라 등이 있는데, 힘겹게 탈출하면서 영원히 잊지 못할 추억의 장이 될 것이다. 특히, 학생들에게는 투명유리, 정영경, 형상반사 등 체험도 하고, 연인들과 어린이를 동반한 가족 관광객들에게는 커다란 즐거움을 선사한다.',4,1,'/관광지/이상한 나라의 앨리스.jpg','admin',NULL,NULL),(223,'제주조각공원(포레스트 판타지아)','관광지','33.2541098844','126.3223489123','63527','064-794-9680','제주특별자치도 서귀포시 안덕면 일주서로 1836			','서귀포시 산방산(395m) 동북쪽에 자리 잡은 제주조각공원은 1987년 10월에 개관했다. 13만여 평의 제주 원시림 속에 조성된 조각공원이다. 중문관광단지를 돌아보고 대정읍으로 향하는 길에 꼭 방문해 볼 곳이다. 자연과 예술과 인간의 만남을 주제로하여 국내의 유명원로 및 중견작가(109명)들이 출품한 160여 점의 조각작품이 주변의 아름다운 경치와 조화롭게 전시되어 대장관을 이룬다. 공원 내에는 정문관, 각종 예술행사를 펼칠 수 있는 혼밭광장, 광대한 잔디광장, 산방산, 한라산과 국토 최남단인 마라도를 바라다볼 수 있는 전망대 등이 있다.',1,1,'/관광지/제주조각공원(포레스트 판타지아).jpg','admin',NULL,NULL),(224,'주상절리대(대포동지삿개)','관광지','33.2380021831','126.4261180463','63547','064-738-1521','제주특별자치도 서귀포시 이어도로 36-30(중문동)','막혔던 가슴이 탁트이도록 시원스레 부서지는 파도, 신이 다듬은 듯 정교하게 겹겹이 쌓은 검붉은 육모꼴의 돌기둥이 병풍처럼 둘러쳐져 있는 중문관광단지 동부지역 해안가의 주상절리대는 자연의 위대함과 절묘함을 동시에 느낄 수 있는 천혜의 관광자원으로, 제주도 지정문화재 기념물이다. 아득한 옛날 지각변동으로 인해 이루어진 주상절리대를 보고 있으면 새하얗게 부서지는 포말 속에 석수장이의 애달픈 사연이라도 금새 실려오는 듯하다. 파도가 심하게 일때는 높이 20m 이상 용솟음 치는 장관을 연출한다. 천혜의 절경으로 인해 테마여행지로 각광받고 있는 명소다.* 주상절리(柱狀節理, columnar jointing)란 주로 현무암질 용암류에 나타나는 기둥모양의 수직절리로서 다각형(보통은 4∼6각형)이며, 두꺼운 용암(약 섭씨 1100도)이 화구로부터 흘러나와 급격히 식으면서 발생하는 수축작용의 결과로서 형성된다고 하는데 이곳의 주상절리는 높이가 30~40m, 폭이 약 1km 정도로 우리나라 최대 규모이다. * 지질학적으로는 주상절리지만 행정구역으로는 서귀포시 중문동이며 이곳의 옛이름인 \"지삿개\"\"\"\"를 살려 \"\"\"\"지삿개바위\"\"\"\"로 부른다.\"\"\"',4,1,'/관광지/주상절리대(대포동지삿개).jpg','admin',NULL,NULL),(225,'엉또폭포','관광지','33.2677556083','126.4991777117','63556','064-760-3192','제주특별자치도 서귀포시 엉또로(강정동)','보일듯 말듯 숲 속에 숨어지내다 한바탕 비가 쏟아질 때 위용스러운 자태를 드러내 보이는 엉또폭포의 높이는 50m에 이른다. 주변의 기암절벽과 조화를 이뤄 독특한 매력을 발산한다.폭포 주변의 계곡에는 천연 난대림이 넓은 지역에 걸쳐 형성되어 있으며 사시사철 상록의 풍치가 남국의 독특한 아름다움을 자아낸다. 서귀포시 강정동 월산마을을 지나 500여m 악근천을 따라 올라가거나 신시가지 강창학공원 앞도로에서 감귤밭으로 이어진 길을 따라 서북쪽으로 800m 정도 가면 엉또폭포를 만날 수 있다. 엉또폭포는 서귀포 70경 중의 하나이다.',4,1,'/관광지/엉또폭포.jpg','admin',NULL,NULL),(226,'연화못(하가못)','관광지','33.4547464297','126.3475200185','63036','제주관광정보센터 064-740-6000','제주특별자치도 제주시 애월읍 하가로(애월읍)','연꽃이 많은 연못이라는 뜻으로 지어진 연화못은 제주 유명한 명소인 더럭분교 인근에 있다. 넓이가 3,780여 평으로 봉천수에 의한 연못으로는 제주도에서 가장 넓으며 마을 안에 위치하고 있어 농업용수로 이용할 뿐만 아니라 연꽃, 수련, 소리쟁이, 쇠무릎 등과 각종 수생 식물을 비록하여 어류 등 다양한 종이 서식하고 있다.',4,1,'/관광지/연화못(하가못).jpg','admin',NULL,NULL),(227,'제주도 국가지질공원','관광지','33.4569020299','126.7142575546','63341','064-710-6657','제주특별자치도 제주시 조천읍 선교로 569-36			','제주도는 한반도 서남단에서 남쪽으로 약 90㎞ 떨어져 있는 대륙붕 위의 화산섬으로서 화산분출물로 형성되었다. 화산지형이 원형 그대로 잘 보존돼 지구과학적 가치가 크고, 경관도 아름답다. 제주도는 이 가운데 경관이 뛰어난 명소 9곳(한라산, 성산일출봉, 만장굴, 서귀포층, 산방산과 용머리해안, 수월봉, 중문대포해안 주상절리대, 천지연폭포)을 유네스코 세계지질공원 네트워크(GGN)에 세계지질공원으로 인증을 받았다. 유네스코가 지원하는 세계지질공원은 지질학적으로 가치가 있고, 희귀하며 경관이 아름다운 지역으로 교육과 지질관광이 활발히 이루어져 지역경제 발전에 기여하는 곳을 말한다. 제주도는 유네스코가 인정하는 지질공원, 생물권보전지역, 세계자연유산을 보유함으로써 세계적인 자연관광지로서 거듭나고 있다.* 한라산국립공원 [유네스코 세계자연유산]한라산은 제주도 순상화산의 중심 봉우리이며, 1,950m의 해발고도로 세계자연유산이자 남한에서 가장 높은 산이다. 한라산은 제주도의 상징이자 한반도와 주변 해역에서 일어난 제4기 화산활동의 대표적인 산물이기도 하다. 정상부에 깊이 108m, 너비 550m의 화구호인 백록담 분화구가 있으며, 영실기암의 가파른 암벽과 약 40여개의 오름 등 여러 화산지형을 갖고 있다. 풍화와 침식에 의해 순상화산의 원래 지형이 파괴되지 않은 상태로 남아있는 한라산은 2002년과 2007년에는 각각 유네스코 생물권 보전지역과 유네스코 세계자연유산으로 등재되었다.* 성산일출봉 [유네스코 세계자연유산]전형적인 수성화산으로 높이 179m로 제주도 동쪽 해안에 거대한 고대의  성곽처럼 우뚝 솟아있다. 성산일출봉 응회구는 수심이 얕은 해저에서 분출하여 해수면 위로 성장한 섯치형 화산의 탄생과 성장과정을 잘 보여주고 있다. 2000년과 2007년에 각각 천연기념물과 유네스코 세계자연유산으로 지정되었다.* 만장굴 [유네스코 세계자연유산]거문오름에서 흘러나온 용암이 땅위를 흐르다 만들어진 용암동굴로, 전체길이 약7,400m, 최대 높이 약 25m, 최대 폭 약 18m로서 제주 세계자연유산의 한 부분인 거문오름용암동굴계에 속하는 용암동굴이다.* 서귀포층수성화산 활동으로 생긴 화산재(火山灰)가 해양퇴적물과 함께 쌓이기를 반복해 생겨난 약 100m두께의 퇴적층으로 천연기념물로 지정되어 있다.* 산방산산방산은 제주도의 남서부 해안에 위치하고 있으며, 395m의 높이를 지닌 거대한 용암돔이다. 밝은 회색을 띠고 있는 산방산 용암돔은 주상절리가 잘 발달한 조면암으로 구성되어 있다.* 용머리 해안산방산 용암돔의 남쪽 해안에 있는 용머리는 제주에서 가장 오래된 화산 지형으로 수성화산 활동으로 만들어진 응회환의 일부이다. 용머리는 작은 돌기처럼 돌출해 있는 형상을 하고 있으며, 바닷속으로 들어가는 용의 머리를 닮았다하여 \'용머리\'로 불리며, 해안경관이 뛰어나다.* 수월봉수월봉은  제주도의 서쪽 가장자리에 위치하고 있는 기복이 낮은 언덕 형태의 화산쇄설성 퇴적층이다. 땅속에서 올라온 마그마가 지하수를 만나 격렬하게 폭발하면서 뿜어져 나온 화산재들이 쌓혀 형성된 응회암의 일부로 높이가 77m이다.* 중문.대포해안 주상절리대대포동의 주상절리 용암은 인근에 있는 \'녹하지악\'이라는 오름에서 분출된 용암이 해안으로 흘러와 굳으면서 생겨났다. 주상절리의 기둥이 두껍게 잘 만들어져 있는 아랫부분과 주상절리의 기둥이 가늘고 복잡하게 만들어져 있는 윗부분의 수평과 수직 단면에서 잘 발달되어 있다.* 천지연폭포천지연폭포는 높이는 22m, 폭은 12m이며, 폭포 아래에는 수심 20m의 호수가 형성되어 있다. 폭포의 하류는 서귀포항까지 약 1km 정도의 계곡을 형성하는데, 이곳에 서식하는 무태장어, 담팔수나무 및 난대림은 천연기념물로 지정되어 있다.',4,1,'/관광지/제주도 국가지질공원.jpg','admin',NULL,NULL),(228,'석부작박물관','관광지','33.2503192271','126.5360193536','63571','석부작박물관 064-739-5588','제주특별자치도 서귀포시 일주동로 8941(호근동)','제주만이 가진 천혜의 자원 중 하나인 현무암은 화산활동을 통해 크고 작은 구멍이 뚫려 있는 것이 특징이다. 이러한 현무암 위에 풍란과 야생화를 착근 시켜 하나의 예술품으로 만들어 낸 것이 석부작이다. 시간이 지남에 따라 초록의 생명이 구멍마다 고인 물기를 머금고 뿌리를 내리며 자라는 모습이 절로 탄성을 자아낸다. 투박한 돌덩이를 초록의 뿌리가 굽이굽이 휘어 감으며 껴안아가는 과정은 자연만이 줄 수 있는 생명의 감동이다. 석부작 박물관은 풍란을 비롯해 복수초와 고란초, 죽백란, 만년석송, 한라구름채, 돌단풍 등 제주에서만 유일하게 볼 수 있는 야생화들과 분재작품들로서 최대한 제주의 자연 그대로를 존중하여 야생의 들판과 오름에서 느낄 수 있는 생물들의 생명력을 고스란히 느낄 수 있는 제주형 생태정원이다',4,1,'/관광지/석부작박물관.jpg','admin',NULL,NULL),(229,'한라산 백록담','관광지','33.3444755049','126.5364394223','690-200','064-713-9950~3','제주특별자치도 서귀포시 토평동			','옛날 신선들이 하늘에서 내려와 백록을 타고 놀았다해서 백록담이라 불려졌다 한다. 둘레 약 2천여미터, 깊이가 약 100여 미터의 커다란 화산호인 백록담을 한 바퀴 돌고 나면 제주 섬 해안 도로를 다 돌아다닌 것이나 진배없다. 높이 1,950m이다. 남한에서 가장 높은 산이다. 제3기 말∼제4기 초에 분출한 휴화산이다. 현무암으로 이루어져 있으며 줄기는 제주도 중앙에서 동서로 뻗는다. 남쪽은 경사가 심한 반면 북쪽은 완만하고, 동서쪽은 비교적 높으면서도 평탄하다. 정상에는 둘레 약 3㎞, 지름 500m의 화구호인 백록담(白鹿潭)이 있으며, 주위 사방에 흙붉은오름[土赤岳]·사라오름[砂羅岳]·성널오름[城板岳]·어승생오름[御乘生岳] 등 360여 개의 측화산을 거느리고 있다.   둔덕에 올라서면 산의 높이가 느껴지고 마치 하늘에 두둥실 떠 있는 듯한 멋진 환상을 맛보게 된다. 한편 한라산은 천연기념물 한라산 천연보호구역으로 지정, 보호되고 있다.',1,1,'/관광지/한라산 백록담.jpg','admin',NULL,NULL),(230,'소정방폭포','관광지','33.2451176776','126.5773270018','63599','064-733-1530','제주특별자치도 서귀포시 칠십리로214번길(동홍동)','정방폭포에서 동쪽으로 500미터 정도 가면 소정방이라는 5m 높이의 물줄기가 10개 있다. 여름철에는 물맞이 장소로도 성황을 이루는 아담한 곳이다. 해안절벽 위에는 \"소라의 성\"\"\"\" 이란 전망대가 있어 해안절경과 손에 잡힐듯이 떠있는 섬들을 감상하며 전복죽 등의 향토 음식도 맛볼 수 있다.\"\"\"',1,1,'/관광지/소정방폭포.jpg','admin',NULL,NULL),(231,'한라수목원','관광지','33.4697692812','126.4921487719','63143','064-710-7575','제주특별자치도 제주시 수목원길 72(연동)','제주시 연동 1100 도로변 광이오름 기슭에 위치한 한라수목원은 제주도 자생수종과 아열대식물 등의 식물들이 식재, 전시되어있는 수목원으로 학생 및 전문인들을 위한 교육과 연구의 장 역할을 하고 있으며, 테마관광지로도 사랑받고 있다. 특히 2000년에 환경부는 이곳을 멸종위기 보호야생식물의 &lt;서식지외 보전기관으로 지정했다. 환경부가 멸종 위기 식물로 지정한 나도풍란, 한란과 파초일엽, 갯대추 등 보호 대상 식물을 포함하여 총 1,321종(목본류 530종, 초본류 791종), 10만여본을 전시한다. 제주도 자생식물의 유전자원 보존 및 학습·연구의 장을 제공하고 도·시민에게 휴식 공간 제공 및 관광자원으로 활용하고 있다.',4,1,'/관광지/한라수목원.jpg','admin',NULL,NULL),(233,'가메창(암메)','관광지','33.3209235283','126.2460707194','63006','제주관광정보센터 064-740-6000','제주특별자치도 제주시 한경면 청수로 13-3			','저지오름 남서쪽 기슭 자락 도로변에 가마솥 모양으로 패여 있는 원형분화구를 품고 있는 자그마한 오름으로, 마을에서는 분화구가 솥바닥처럼 생겼다 하여 가메창이라 부르고 있다. 한경면 저지리 저청초등학교 사거리에서 수동 방향으로 조금 가면 도로 우측에 위치해 있어, 해송이 있는 언덕 위로 몇발자국만 오르면 분화구를 볼 수 있다. 분화구는 둘레가 약 300m, 깊이가 16m 정도로 외륜의 사면경사인 비고(6m)보다 더 깊이 패여있는 형태이다. 오름은 잔디밭 등성이로 곱게 둘러져 있고, 오름옆에 있는 외딴 민가로 들어가는 돌담을 넘는 순간 고운 잔디밭과 듬성듬성한 해송 사이로 움푹패인 굼부리에 놀라지 않을 수 없다. 분화구 바닥은 화구원과 사면사이에 돌담을 둘러 그 안에는 농경지로 이용되고 있다.',7,1,'/관광지/가메창(암메).jpg','admin',NULL,NULL),(234,'나홀로나무','관광지','33.3509523839','126.3492166424','','064-740-6000','제주도 제주시 한림읍 금악리 산 30-8			','제주에는 유명한 나홀로나무가 두 그루가 있는데, 하나는 항몽유적지 나홀로나무, 그리고 새별오름 나홀로나무가 그것이다. 제주 새별오름 나홀로나무의 경우, 제주도 오름 2개를 배경으로 서있는 모습이 아름다워 많은 사람이 찾는 곳이다. 제주 새별오름의 나홀로나무가 있는 금악리는 한라산 서남쪽 해안과 산록 지대 사이에 있는 광활한 평야 지대로, 그 가운데 서 있는 나무와의 조화가 미묘한 분위기를 풍기는 매력이 있다. 스냅사진을 찍기 위해 찾는 이들이 많다.',7,1,'/관광지/나홀로나무.jpg','admin',NULL,NULL),(235,'제지기오름','관광지','33.2419935340','126.6095687240','63599','제주관광정보센터 064-740-6000','제주특별자치도 서귀포시 보목동275-1 (일대)','조면암질 화산암과 일부 화산쇄설성 퇴적층으로 구성되어 전체적인 모양은 용암원정구의 형태를 띠고 있으며 남사면은 매우 가팔라서 곳곳이 벼랑져 있다. 숲이 덮힌 외관으로는 나타나지 않지만 안에 들면 곳곳에 바위가 서 있고 커다란 바위등이 드러나 있다.정상부는 나무가 없고 환상탈모 대머리처럼 둥그렇게 벗어졌고 억새며 잡풀이 무성하다. 북사면은 급준하게 솟아 오른 남사면과 달리 비교적 완만한 등성이가 두 가닥으로 뻗어 내리고 그 가랑이진 곳이 각각 서향·북향·북동향으로 야트막히 우묵져 있다. 화구로 보일 만큼의 뚜렷한 형태는 아니다.남사면 중턱의 바위굴은 꽤 커서 입구 쪽이 6-7미터, 깊이 5-6미터의 넓이에 천장 높이 최고 6미터 가량이며, 밑으로는 가파르게 비탈져 풀과 나무가 우거지고 양옆으로도 벼랑바위가 우뚝우뚝하다. 옛날 절이 있었던 데서 절오름, 일명 제지기오름 또는 제제기오름이라고도 한다. 제지기(제제기)가 무슨 뜻인지는 분명치 않으나, 절(窟寺)이 있고 이를 지키는 절지기가 살고 있었으므로 절지기오름이라 불리던 것이 차차 제지기오름·제제기오름으로 와전된 것이라고 풀이돼 있다. 어떻든 절이 있었던데 연유한 절오름이라는 호칭만은 분명하며, 여러 문헌에 절오름(寺岳)으로 명기돼 있으며 현지 주민들 사이에도 그리 알려져 있다. 그 절은 바다에 면한 남사면 중턱의 궤(바위 굴) 안에 있었다고 한다. 절 이름이 무엇이었는지, 어느 시기였는지는 알려져 있지 않으며 흔적도 찾아볼 수 없다. 다만 굴사(窟寺)라는 옛 호칭이 남아있을 뿐이다. 건물이 있는 것도 아닌, 간소한 굴암(窟庵) 이었으리라 짐작되며, 제즈기오름, 제지기오름, 제좌기오름, 저저기오름, 제지기오름 현지인들은 이 오름에 과거 절(寺)이 있었고, 절을 지키는 `절지기/저지기`가 있었다는 데서 `저지기오름, 제지기오름` 또는 `절오름`이라 한다고 하나, 신빙성이 없어 보인다. 음성형도 확실하지 않고 뜻 또한 확실하지 않으며, 음성형은 물론 그 뜻에 대해서도 좀더 논의해야 한다고 한다. 동녘 오름자락 당팟이라는 불리는 곳은 옛날 당(堂)이 있었던 데 연유하는 지명인데 그 당은 오래 전에 북서쪽 정술냇가 `조노궤`라는 큼직한 바위굴로 옮겨졌습니다. 보목마을 수호신을 모신 `조노궤당`이다.마을 중심부를 흐르는 정술내(甫木川)는 멀리 솔오름(미악산)에서 발원, 남동으로 흐르면서 상효천과 합류, 절오름 서록에 이르러 보목마을을 동서로 가르며 바다로 들어간다.앞 바다에 작은 화산도 섶섬이 절오름과 1km의 사이를 두고 마주보고 있다. 섶섬은 특히 천연기념물로 지정 보호되고 있는 파초일엽의 자생지며, 우리나라에서는 이곳에서만 자라는 그 분포의 북방한계가 된다.(표고 : 94.8m 비고 : 85m 둘레 : 1,012m 면적 : 77,023㎡ 저경 : 342m)',7,1,'/관광지/제지기오름.jpg','admin',NULL,NULL),(236,'성산포성당','관광지','33.4539916768','126.9136569988','63639','064-782-0500','제주특별자치도 서귀포시 성산읍 고성오조로 120			','성산포 성당은 1955년 공소가 설립되어 1973년 본당으로 승격된 성당이다. 이 성당은 멀리 보이는 성산 일출봉과 바다가 어우러져  우리나라에 있는 성당 중에서 가장 경치가 뛰어나다는 찬사를 받는 곳이다. 건물 외관도 독특한데, 현대식 기와지붕이 한쪽만 절개되어 가운데에 얹힌 모양을 가지고 있다. 성당 입구에서 먼저 눈에 보이는 둥근 창 모양으로 뚫린 원통 형태의 종탑 역시 특이하다. 뚫려있는 종탑 안쪽은 제주 바다를 연상하게 하는 푸른색 타일로 장식돼 있다. 올레 2코스와 가까워 여행객들이 잠시 쉬며 둘러보기 좋은 장소다.',7,1,'/관광지/성산포성당.jpg','admin',NULL,NULL),(237,'서귀포 전기버스 시티투어','관광지','33.2668263180','126.5725269301','63579','064-732-1330','제주특별자치도 서귀포시 중산간동로7894번길 18-5(동홍동)','서귀포 시티투어는 친환경 전기버스를 이용하여 원도심에 있는 주요관광지와 전통시장 등을 여행할 수 있는 순환형 버스다.',7,1,'/관광지/서귀포 전기버스 시티투어.jpg','admin',NULL,NULL),(238,'동광리농촌체험마을','관광지','33.3066543120','126.3371020174','63523','064-794-2298','제주특별자치도 서귀포시 안덕면 동광로 107			','해발 300m 넘나드는 중간산 내륙의 산촌마을로, 크고 작은 오름과 숲으로 둘러 쌓인 소박하고 정겨운 마을이다. 제주 4.3 사건의 아픔을 겪었던 마을로, 잃어버린마을과 표석비, 주민들의 피난처였던 큰넓궤, 헛묘, 돌다리 등 4.3 유적지가 남아있다. 서늘한 기후와 고랭지 여건으로 감자와 콩나물 콩을 대량으로 생산하며, 넓은 초지를 활용하여 축산업이 발달하여 한우와 젓소을 사육하는 농가가 많다. 동광리마을은 농촌 체험 마을로써 방문객을 위하여 방문자 센터에 숙박시설, 천연잔디구장을 비롯한 체육시설, 농사체험장, 야외사육체험장 등을 마련해 다양한 체험 프로그램의 장으로 활용하고 있다. 또한 북오름 생태공원 산책로를 방문자센터와 연결시켜 방문객들이 오름을 등반하면서 아름다운 자연 생태를 직접 느껴볼 수 있도록 조성하였다.',7,1,'/관광지/동광리농촌체험마을.jpg','admin',NULL,NULL),(239,'신화워터파크','관광지','33.3065177523','126.3076045827','63521','1670-1188','제주특별자치도 서귀포시 안덕면 신화역사로304번길 98			','파도풀, 유수풀을 포함한 18개의 풀과 슬라이드, 6개의 식음 매장, 찜질방까지 갖춘 제주 최대 실내외 워터파크로 3,000명까지 동시 수용할 수 있다. 시아에 최초로 도입된 슬라이드 \'\'슈퍼 크리퍼코일\'\'과 \'\'자이언트 더블리프\'\'와 함께 신화워터파크에서만 즐길 수 있는 짜릿한 즐거움과 수유실과 어린이 전용 풀장, 아시아 최초로 도입된 2개의 워터 슬라이드, 프라이빗한 휴식을 제공하는 카바나, 소금방·황토방·불가마를 갖춘 찜질방, 햄버거와 생맥주를 즐길 수 있는 식음료 매장까지 만끽할 수 있다.',7,1,'/관광지/신화워터파크.jpg','admin',NULL,NULL),(240,'선흘2리마을','관광지','33.4569075855','126.7142936617','63341','064-740-6000(제주관광정보센터)','제주특별자치도 제주시 조천읍 선교로 569-36			','제주시 조천읍에 속하는 선흘 2리는 해발고도 200m~400m의 중산간 평지에 자리한 마을이다. 선흘이란 이름은 잡풀이 우거진 넓은 돌밭, 즉 곶자왈에서 유래한 이름으로 추측된다. 마을 내에는 곶자왈 외에도 알밤 오름, 윗밤 오름, 우진 제비 오름, 거문 오름, 부대 오름, 민 오름, 부소 오름 등 다수의 오름이 분포한다. 특히 거문 오름은 유네스코가 선정한 세계 자연유산으로, 선흘 2리는 이를 보존하기 위한 세계 자연유산마을로 지정돼 다양한 생태활동이 이뤄진다. 화산섬인 제주에서만 볼 수 있는 빌레(너럭바위)와 습지가 어우러진 흐린 내 생태공원도 선흘 2리 마을의 절경으로 꼽힌다. 집들이 옹기종기 모여 앉은 마을 풍경과 계절마다 피고 지는 다양한 꽃들이 걷는 재미를 더한다.',7,1,'/관광지/선흘2리마을.jpg','admin',NULL,NULL),(241,'신산공원','관광지','33.5052799020','126.5337915690','63270','064-726-0885','제주특별자치도 제주시 신산로 92-12(일도이동)','신산공원은 올림픽 성화의 국내도착을 기념하는 기념물이 세워져 있는 88 서울 올림픽 상징 공원이며, 현재는 시민들의 쉼터로 활용하고 있다. 가족들의 야유회 장소로도 유명하며 낮 햇살이 눈이 부셔 많이 찾기도 하지만 어둑어둑해질 무렵엔 호젓한 산책로를 따라 데이트를 즐기는 연인들과 여독을 푸는 관광객들이 찾는 곳이다.',7,1,'/관광지/신산공원.jpg','admin',NULL,NULL),(242,'정물오름','관광지','33.3389284907','126.3350681403','63021','064-710-6043제주관광정보센터 064-740-6000','제주특별자치도 제주시 한림읍 산록남로 214-12			','정물오름의 명칭은 오름 앞에 있는 정물샘의 이름에서 따왔다. 제주도는 전국의 연평균 강수량에 비해 훨씬 많은 강수량에도 불구하고 마실 물이 귀했다. 중산간 지역에서 식수를 구하는 것은 더욱 어려워서 귀하게 여겼는데 정물샘이 그중 하나이다. 이 샘은 물이 깨끗하고 양이 많아 이곳에서 꽤 먼 곳의 중산간마을 사람들도 물을 길러다 마셨다고 한다.정물오름의 물은 사람뿐만 아니라 가축에게도 소중했는데 이 부근에 제주도에서 가장 유명한 이시돌목장이 자리 잡고 있다. 정상에 오르면 당오름과 정물오름과 함께 생명수를 공급했던 원물오름이 한 선상에 있고 평화로와 주변 도로들을 볼 수 있다. 이시돌목장 또한 눈에 들어오는데 계절의 변화에 따라 다른 풍경을 만들어 낸다. 풀이 파릇파릇한 넓은 목장에서 따스함과 여유가 느껴지는 말들의 움직임이 봄날의 기운을 전한다.대중교통을 이용하려면 제주시외버스터미널과 서귀포시외버스터미널에서 목적지 안내를 받은 후 이시돌목장에서 내려 성이시돌 젊음의 집 방향으로 10분 정도 걸으면 도착한다.',7,1,'/관광지/정물오름.jpg','admin',NULL,NULL),(243,'한림항','관광지','33.4190907055','126.2625726517','63031','064-796-7522','제주특별자치도 제주시 한림읍 한림해안로 192			','한림항은 한림에서 출발하여 비양도를 잇는 여객선이 있는 항구다. 비양도는 우리나라에서 유일하게 탄생에 대한 역사적 문헌이 남아있는 섬으로, ‘천년의 섬’이라고 불리며, 제주 본섬과는 불과 3km밖에 떨어지지 않은 섬이다. 비양도 항에서 배로 5분 정도만 가면 섬에 다다르는데, 오후 9시부터 오후 4시까지 하루에 4번만 운행하니 시간표를 반드시 확인하는 것이 좋다. 천혜의 자연경관을 고스란히 지닌 비양도를 산책할 수 있는 산책로가 잘 마련되어 있어 섬을 한 바퀴 여유롭게 돌아보는 것도 좋다.',7,1,'/관광지/한림항.jpg','admin',NULL,NULL),(244,'제주양떼목장','관광지','33.4113820644','126.3652277862','63035','064-799-7346','제주특별자치도 제주시 애월읍 도치돌길 289-13			','제주 애월읍에 있는 제주 양떼목장은 양뿐만 아니라 염소, 말, 돼지 등 다양한 동물들을 만날 수 있는 자연 친화적인 공간이다. 동물에게 먹이를 줄 수 있는 목장 체험은 물론이고, 신선한 산양유 커피를 맛볼 수 있는 목장 카페, 통나무 펜션까지 운영해 다른 체험 목장보다 풍성한 추억을 만들 수 있다. 통나무 펜션은 100% 수공 식으로 지어진 정통 통나무집이다. 전 객실이 모두 복층 독채이며, 최대 4명까지 입실할 수 있다. 다양한 프로그램이 있는 체험 목장에서 숙박까지 하는 이색 체험을 하고 싶다면 제주 양떼목장에 방문해보는 것을 추천한다.',7,1,'/관광지/제주양떼목장.jpg','admin',NULL,NULL),(245,'세천포구','관광지','33.2696137381','126.6741708395','63610','064-740-6000','제주특별자치도 서귀포시 남원읍 위미리 799-2			','세천 포구는 서귀포시 남원읍 위미리에 있는 아주 작은 포구다. 일몰이 아름다우며 낚시하는 사람들이 좋아하는 포인트이기도 하다. 위미리는 마치 소가 누워있는 형상을 보인다고 하여 이름 붙여졌으며, 마을은 그 꼬리 부분에 자리 잡고 있어 우미라고 불렸다. 위미리의 세천 포구는 곤냇골개라고도 불리는데, 곤내는 가는 내, 골은 마을을 일컫고 개는 포구를 의미한다. 보말이 많이 잡히고, 아름다운 풍광과 잔잔한 물살로 낚시꾼과 사진을 취미로 하는 이들이 종종 찾는 곳이다.',7,1,'/관광지/세천포구.jpg','admin',NULL,NULL),(246,'삼양 나이롱책방','관광지','33.5248702904','126.5895557210','63317','010-2068-8984','제주특별자치도 제주시 선사로2길 37(삼양일동)','제주시와 가까운 삼양의 어느 골목길에 나이롱책방이 자리한다. 나이롱은 ‘어떤 이로운 장난’을 의미한다고 한다. 보통 책방에 들르면 어떤 책을 골라야 할지 고민스럽기 마련이다. 나이롱책방에서는 책을 고르는 데 도움이 되도록 각각의 책마다 어떤 내용을 담고 있는지 정성스러운 손글씨로 적혀 있다. 책은 주제별로 구분되어 있는데 제주와 관련된 서적부터 독립출판물, 다양한 해외서적까지 만나볼 수 있다. 읽은 이의 흔적이 고스란히 남은 중고 책도 함께 판매한다. 나이롱책방은 책과 커피를 함께 즐길 수 있는데, 책은 구매 후에 테이블에서 여유롭게 읽을 수 있다. 한쪽에는 그동안 책방을 다녀간 이들의 발자취를 더듬어볼 수 있는 그림 방명록을 비치해 구경하는 재미를 더한다.',7,1,'/관광지/삼양 나이롱책방.jpg','admin',NULL,NULL),(247,'강정포구','관광지','33.2271624839','126.4750196034','63563','064-740-6000','제주특별자치도 서귀포시 말질로 291(강정동)','해외 휴양지 못지않게 아름다운 자연을 가진 제주도, 그중에서도 서귀포 남쪽 해안을 바라보는 강정포구는 풍광이 멋진 곳으로 알려졌다. 해군 기지가 있는 이곳은 제주 민군 복합형 관광미항이 개장되면서 일반인들도 환상적인 일출과 일몰을 감상할 수 있게 됐다. 강정포구 안쪽으로 연결된 해 오름 노을길은 해안을 따라 걸을 수 있는 산책길이며, 많은 사진작가가 인생 사진을 찍기 위해 자주 찾는 명소이기도 하다. 산책길을 따라 그려진 벽화는 물론, 멀리 보이는 군산 오름, 대평 박수기정, 산방산, 송악산은 한 폭의 그림을 완성한다.',7,1,'/관광지/강정포구.jpg','admin',NULL,NULL),(248,'대록산 (큰사슴이오름)','관광지','33.3915764084','126.7449563821','63622','064-760-4701','제주특별자치도 서귀포시 표선면 녹산로 536			','대록산은 서귀포 표선면 가시리에 있는 고도 466m의 측화산(기생화산)이다. 전반적으로 가파르고 둥근 모습이 사슴 모양을 닮았다고 하여 큰사슴이오름으로 불린다. 정상의 봉우리 사이에는 둥그렇게 패어있는 원형 화구를 가지고 있다. 사시사철 자연의 아름다움을 자랑하는 곳이지만, 특히 가을이면 넓게 펼쳐진 억새로 많은 관광객이 찾는다. 정상으로 가는 길목에 있는 이 억새밭은 넓은 들판과 대록산을 배경으로 완벽한 포토존을 만들어 낸다. 억새밭에서 정상까지는 약 1.3km 정도이며, 다소 계단이 많으니 편안한 복장으로 다녀오는 것을 추천한다.',7,1,'/관광지/대록산 (큰사슴이오름).jpg','admin',NULL,NULL),(249,'제주 청수마을','관광지','33.3180683119','126.2475734300','63006','064-772-1303','제주특별자치도 제주시 한경면 대한로 1036(한경면)','곶자왈이란 세계에서 유일하게 열대 북방한계 식물과 한대 남방한계 식물이 공존하는 제주의 독특한 숲을 말한다. 청수마을은 곶자왈 도립공원과 인접하여 제주의 자연을 오롯이 느낄 수 있는 곶자왈 트래킹을 체험할 수 있다. 육지에서 흔히 보지 못한 구불구불한 수형의 특이한 나무와 이끼로 덮힌 울퉁불퉁한 돌을 보느라 눈이 바빠지고 맑은 공기와 숲의 향기를 맡느라 코가 바빠지지만 마음만은 차분해지는 곳이다.',7,1,'/관광지/제주 청수마을.jpg','admin',NULL,NULL),(250,'제주 동백마을','관광지','33.3203953813','126.7451829828','63616','064-764-8756','제주특별자치도 서귀포시 남원읍 한신로531번길 22-1			','제주특별자치도 서귀포시 남원읍에 중산간 마을로 300년의 역사를 가진 설촌터이자, 도 지정기념물로 지정된 동백나무군락지를 중심으로 동백을 테마로 한 마을사업을 하고 있다. 마을 곳곳에 토종 동백나무와 수령이 300-400년 된 동백나무를 볼 수 있으며, 마을 공동사업으로 운영하는 동백방앗간에서 생산한 100% 동백기름을 판매하고 있으며, 동백이야기를 담은 동백 공예체험, 마을에서 직접 생산한 식용동백기름을 이용한 동백음식체험, 생동백기름을 이용한  천연비누체험도 가능하다. 마을 주민 대부분이 감귤류 농사에 종사하여, 10월 부터 이듬해 3월 까지는 각종 감귤류를 산지에서 구입가능하며, 동백꽃과 더불어 제주중산간 마을의 정취를 만끽할 수 있다. ',7,1,'/관광지/제주 동백마을.jpg','admin',NULL,NULL),(251,'하귀애월해안도로','관광지','33.4710862073','126.3424700904','63046','064-740-6000','제주 제주시 애월읍 고내리 445-3			','제주 공항에서 불과 10km 정도 달리다 보면 제주를 좀 안다는 이들 사이에서 아름답기로 소문난 하귀애월 해안도로를 만날 수 있다. 하귀리 가문동 포구에서 시작된 해안도로는 바다를 따라 펼쳐진 오션뷰 카페와 펜션을 지나 쭉 이어진다. 이 도로는 또한, 제주 올레길 16코스가 지나는 곳이자 자전거 라이딩과 트레킹의 명소로도 유명하다. 가는 길목마다 구엄포구, 남도리쉼터, 신엄리 방파제, 고내포구, 다락 쉼터, 큰바위 얼굴 등 해안 명소들이 많아 중간중간 내려 아름다운 풍경을 감상하는 것도 좋다.',7,1,'/관광지/하귀애월해안도로.jpg','admin',NULL,NULL),(252,'소천지','관광지','33.2395990764','126.5921064008','63599','064-740-6000','제주 서귀포시 보목동 1400(보목동)','올레 6코스를 따라 걷다 보면 마주할 수 있는 소천지는 마치 백두산 천지를 축소해 놓은 모습과 비슷하다고 하여 이름 붙여진 아름다운 자연 명소이다. 날씨가 맑고 바람이 없는 날이면 소천지에 투영된 한라산의 모습을 볼 수 있어 많은 사진작가의 명소로 꼽히기도 한다. 제주 특유의 맑고 투명한 바다를 현무암으로 된 기암괴석들이 둘러싸고 있어 마치 맑은 연못을 보는 듯한 착각을 불러일으킨다. 여름에는 이곳에서 스노클링을 즐기려는 관광객들이 즐겨 찾는 스노클링 포인트이기도 하다.',7,1,'/관광지/소천지.jpg','admin',NULL,NULL),(253,'1100고지습지','관광지','33.3576728826','126.4630149420','63554','064-710-4071','제주특별자치도 서귀포시 1100로 1555			','1100고지 습지는한라산 고원지대에 형성된 대표적인 산지습지로서 16개 이상의 습지가 불연속적으로 분포하고 있으며, 이 습지들을 따라 2009년 습지보호지역이 설정되었으며 같은 해에 람사르 습지에 등록되었다. 1100고지 습지의 동물과 식생환경에 대한 안내문이 탐방로 곳곳에 설치되어 있어 습지의 정보를 알 수 있다. 이곳에는 한라산에서만 서식하는 멸종위기 1급의 야생동물인 매와 야생생물 등이 존재하고 있으며, 습지의 낮은 곳에 고여있는 물은 야생동물의 식수원 역할을 하고 있다. 습지 안에는 나무로 이루어진 자연 생태 탐방로가 있어 걸으면서 습지응 관람할 수 있다.',7,1,'/관광지/1100고지습지.jpg','admin',NULL,NULL),(254,'고산일과해안도로 (일과리해안도로)','관광지','33.2751635451','126.1723198098','','064-740-6000','제주 서귀포시 대정읍 신도리 3135-1			','고산일과 해안도로는 푸르른 농토와 제주의 잔잔한 바다 풍경을 전 구간으로 이어지는 한적한 도로이다. 자구내포구에서 시작해 차귀도와 수월봉을 돌아 일과리로 이어지는데, 해안 절벽은 물론이고 고즈넉한 논밭까지 다채로운 풍경을 선사한다. 도로의 굴곡이 심하지 않아 해안 길을 따라 천천히 드라이브하기에도 좋다. 중간중간에 포구를 중심으로 한 어촌들이 펼쳐져 있어 제주 특유의 로컬 느낌이 물씬 풍긴다. 아름다운 제주의 모습을 오롯이 느끼고 싶다면 잠시 시간을 내어 들러보자.',7,1,'/관광지/고산일과해안도로 (일과리해안도로).jpg','admin',NULL,NULL),(255,'제이엠그랑블루요트','관광지','33.2382440357','126.4396057595','63543','064-739-7776','제주특별자치도 서귀포시 대포로 172-7(대포동)','주식회사 제이엠 그랑블루요트는 대포포구에 위치한 요트투어 관광지로 47인승, 44인승 요트를 보유하여 동시에 최대 91명까지 승선이 가능하다.일반투어 소요시간은 1시간으로 대포항에서 출항하여 월평동굴 및 주상절리를 항해하는 차별화된 코스를 운영하고 있다.요트투어를 하는 동안 비경관람, 세일링, 낚시가 가능하다. 계절별 특별메뉴(동절기-어묵, 컵라면/하절기-과일)와 와인, 생맥주, 쿠키, 원두커피가 제공된다.노래방 시설, 화장실 등 편의시설이 완비되어 있다.',7,1,'/관광지/제이엠그랑블루요트.jpg','admin',NULL,NULL),(256,'우도 밤수지맨드라미책방','관광지','33.5207598629','126.9484968822','63365','010-7405-2324','제주특별자치도 제주시 우도면 우도해안길 530			','비행기를 타고 제주에 가서, 또 배를 타고 섬에서 섬으로 들어가면 만날 수 있는 책방. 제주 우도의 유일한 독립서점인 밤수지맨드라미책방이다. 전형적인 제주 돌담으로 둘러싸인 건물 입구엔 ‘책’이라고 적힌 간판이 이곳이 책방이라는 걸 알려준다. 밤수지맨드라미는 제주 바닷속에 사는 멸종 위기 산호로, 책이 사라져가는 현실이 산호꽃과 닮은 것 같다고 생각해 책방 이름을 밤수지맨드라미라고 지었다고 한다. 책방 내부엔 독립 서적이나 드로잉북, 채식 관련 책들이 구비되어 있다, 책방 창문 너머로는 햇살이 쏟아지는 바다도 눈에 들어온다. 이곳 책방만의 개성을 담은 굿즈들도 판매하고 있으며, 공간 한쪽은 카페처럼 운영돼 구매한 책을 여유롭게 읽어볼 수도 있다.',7,1,'/관광지/우도 밤수지맨드라미책방.jpg','admin',NULL,NULL),(257,'백제사','관광지','33.4488149673','126.4243079199','63062','064-746-8009','제주특별자치도 제주시 애월읍 광령남6길 54(애월읍)','백제사는 1,700여년의 한국불교의 정통법맥을 이어온 석가세존 제 57대손이신 태고보우국사를 종조로 모신 한국불교태고종 사찰로 불교의 생명존중사상과 자연친화적인 한국의 사찰문화를 체험할 수 있도록 사부대중 누구에게나 열려 있는 도량이다. 백제사는 부처님의 가르침인 지혜와 자비를 바탕으로 불자 양성과 포교 및 청소년 교육을 위한 수행도량으로 설립되었다. 아름다운 제주의 청정한 자연과 수려한 경관을 느끼며, 사찰에서의 고요한 휴식과 더불어 한국불교의 전통문화, 수행정신, 사찰 내ㆍ외 문화적 자원을 통해 참 존재를 찾아갈 수 있도록 템플스테이 등의 프로그램을 운영하고 있으며 종교가 무엇이든 상관없이 누구나가 찾아와 몸과 마음의 휴식과 힐링을 할 수 있도록 열린 공간이다. <출처 : 템플스테이>',7,1,'/관광지/백제사.jpg','admin',NULL,NULL),(258,'광치기해변','관광지','33.4523086956','126.9239478125','63641','064-740-6000','제주특별자치도 서귀포시 성산읍 고성리			','성산일출봉에서 섭지코지로 향하는 길목에 있는 광치기 해변은 제주올레 1코스의 마지막이자 2코스가 시작되는 곳이다. 펄펄끓던 용암이 바다와 만나 빠르게 굳어지며 형성된 지질구조가 특징이며, 특히 썰물때는 바닷물에 가려있던 비경들이 속속들이 들어나 숨은 비경을 선사한다. 용암 지질과 녹색 이끼가 연출하는 장관은 전 세계 어디서도 볼 수 없는 풍경을 자아내어 많은 사진작가들이 찾는 사진명소이기도 하다. 특히 성산일출봉 옆으로 뜨는 일출을 한 프레임에 담을 수 있어 연말연시에 많은 사람들이 찾는다. 광치기 해변의 모래는 현무암의 풍화작용으로 오랜 세월에 걸쳐 만들어진 입자로, 검은 색을 띄는 것이 특징이다.',7,1,'/관광지/광치기해변.jpg','admin',NULL,NULL),(259,'서건도','관광지','33.2540292433','126.4927119133','63564','064-740-6000','제주특별자치도 서귀포시 강정동			','조수간만의 차에 의해 한달에 10차례에 걸쳐 앞바다가 갈라지는 제주판 \'모세의 기적\', 서귀포시 서건도(일명 써근섬)로 알려진 유명한 섬이다.이 바다 갈라짐 현상은 보름이나 그믐에 규모가 특히 크며 5월 26일, 28일, 9월 7일, 11월 5일, 8일, 12월 3일, 7일의 사리기간에 가장 두드러지게 나타난다. 바다가 갈라지게 되면 좌우 10m 이상 넓어진 갯벌이 드러나 한꺼번에 많은 사람들이 서건도를 왕래하면서 신비감을 맛볼 수 있다. 서건도는 수중화산으로 섬 자체만으로도 귀중한 가치를 갖는데 고고유물까지 발굴된 적이 있어 앞으로 테마관광지로 각광받을 전망이다.면적은 13,367㎡이며, 육지와의 거리는 300m이고, 제주월드컵경기장 인근해안(강정동)에 위치하고 있다. 바닷물이 갈라지면 서귀포 해안에서 걸어서 들어갈수 있는 섬으로도 유명, 해안에서 섬까지 걸어가는 동안 조개와 낙지 등을 잡는 재미로 체험관광객들의 발길이 잦은 서건도는 기원전 1세기경의 것으로 추정되는 토기파편과 동물뼈, 주거흔적 등이 발견돼 고고학계의 관심을 끌기도 했다.',7,1,'/관광지/서건도.jpg','admin',NULL,NULL),(260,'제주드림타워복합리조트','관광지','33.4852923931','126.4814715703','63082','1533-1234','제주특별자치도 제주시 노연로 12(노형동)','제주 노형동 중심에 우뚝 선 랜드마크 제주드림타워 복합리조트에서는 제주의 환상적인 전망을 즐길 수 있는 객실은 물론 월드클래스 쉐프 군단이 선보이는 한식, 중식, 일식, 스테이크 하우스, 카페 & 바, 갤러리 라운지까지 세계 각국의 음식을 맛볼 수 있으며 뉴욕 소호의 스타일리시함과 런던 하이 스트릿의 감성을 넘어 한국을 대표하는 K 디자이너 200명의 최신 패션 트랜드도 만나볼 수 있다. 또한, 한국식 찜질 스파와 고품격 트리트먼트 힐링으로 여행의 피로를 날릴 수 있으며 국내 최대 규모 야외 풀 데크와 4계절 즐길 수 있는 인피니티 풀에서 기분 좋은 휴식, 진정한 ‘쉼’을 만끽할 수 있다.',7,1,'/관광지/제주드림타워복합리조트.jpg','admin',NULL,NULL),(261,'글라스하우스','관광지','33.4302500880','126.9280674087','63642','064-740-6000(제주관광정보센터)','제주특별자치도 서귀포시 성산읍 섭지코지로 107			','제주 섭지코지에 자리한 글라스하우스는 현대건축의 거장으로 꼽히는 안도 다다오의 작품이다. 일본 출신의 건축가인 그는 노출 콘크리트를 시적으로 승화시킨 독창적인 아이디어와 자연, 빛과 조화롭게 어우러진 건축물로 국내에서도 뜨거운 인기를 누리고 있다. 글라스하우스는 곧게 뻗은 선과 네모반듯한 면이 작가의 상징처럼 느껴진다. 건축물의 모양새는 바다를 향해 기지개를 켜듯 꺾쇠 형태로 뻗어 나간다. 간결해 보이지만 안도 다다오만의 섬세한 매력이 곳곳에 숨어 있다. 글라스하우스는 민트 레스토랑과 지포 라이터 뮤지엄으로 이루어져 있다. 특히 민트 레스토랑은 탁 트인 통유리 너머 제주 바다의 아름다움까지 즐길 수 있어 낭만적인 분위기를 즐기기에 좋다. 해가 질 무렵이면 레스토랑 전체가 붉은 노을에 물든다.',7,1,'/관광지/글라스하우스.jpg','admin',NULL,NULL),(262,'제주샘주 공장','관광지','33.4444696300','126.3374100177','63036','064-799-4225','제주특별자치도 제주시 애월읍 애원로 283(애월읍)','제주샘酒는 과거 제주 조상들이 즐겨 마셨던 오메기술(약주)과 고소리술(증류식소주)를 제주 청정 지하 암반수로 술을 빚어 재현함과 동시에 현대인의 기호에 맞게 주질을 변형, 발전시키고자 노력함을 목적으로 설립 운영하고 있다.“온 정성을 다하여 모든 이에게 이로운 술이 되자”라는 사훈 아래 모든 직원이 힘을 모아 어떻게 하면 좋은 술을 만들어 우리 술(전통주)이 세계로 뻗어나가 양주 수입국이 아닌 수출국으로 변하여 갈지 연구하며 명실상부 명품주를 생산한다.',7,1,'/관광지/제주샘주 공장.jpg','admin',NULL,NULL),(263,'사계해안','관광지','33.2095285722','126.3145089157','63528','064-740-6000','제주특별자치도 서귀포시 안덕면 사계리			','사계 해변은 안덕면 사계리 일대 해안 도로변에 있는 해변으로, \'사계(沙溪)\'에서 ‘사(沙)’는 해안의 모래, \'계(溪)\'는 마을 동쪽을 흐르는 시내를 의미한다. 위도상 우리나라에서 가장 남쪽에 있는 해변으로, 저 멀리 가파도와 마라도가 보여 아름다운 풍경을 자랑한다, 깨끗한 바닷물과 형제섬, 그리고 특징적인 화순리 퇴적층과 그 위에 자생하고 있는 다양한 식물들이 조화를 이루고 있다. 이곳은 제주 올레길 10코스에 있어 많은 관광객이 찾는 곳이다.',5,1,'/관광지/사계해안.jpg','admin',NULL,NULL),(264,'제주다원 녹차미로공원','관광지','33.2971260963','126.4188395786','63549','064-738-4433','제주특별자치도 서귀포시 산록남로 1240(색달동)','중문관광단지에서 12분 거리. 한라산 해발 500m 청정지역에 위치하고 있으며, 서귀포 70경 중 제 1경이라 할 만큼 아름다운 전망을 자랑합니다. 한라산 중턱에서 바라보는 싱그런 녹차밭과 가슴 속까지 뻥~ 뚫리는 막힘없는 뷰와 수평선 끝가지 제주도 남쪽 먼바다를 한 눈에 바라볼수 있는 파노라마로 펼쳐진 풍경을 감상할 수 있습니다. 5만평규모의 드넓은 녹차밭과 순수 녹차나무로만 이루어진 녹차미로 5개코스 (총 5단계 레벨)와 전망대, 해먹체험장, 동물농장, 티카페, 핑크뮬리정원 등 다양한 포토존과 볼거리, 즐길거리가 준비되어 있습니다.※ 반려견 동반 여행 정보- 탐방로, 둘레길, 포토존, 카페- 대형경도 목줄만 잘 차면 입장 가능',5,1,'/관광지/제주다원 녹차미로공원.jpg','admin',NULL,NULL),(265,'새섬공원','관광지','33.2397485318','126.5588092829','63594','064-760-3471','제주특별자치도 서귀포시 남성중로 43(서홍동)','새섬 공원은 새섬 또는 모도(茅島)라고 불리는 서귀포시 서귀동에 있는 섬 공원이다. 억새인 새(茅)가 많아 붙은 이름이지만, 새(鳥)로 오해하여 조도(鳥島)로 오기하기도 한다. 새섬 공원으로 들어가기 위해서는 새연교라는 아름다운 다리를 건너 들어가야 하는데, 바람과 돛을 형상화한 높이 45m의 주탑과 화려한 LED 조명 시설이 있어 밤낮으로 관광객들의 사랑을 받고 있다. 새섬 공원은 도보로 약 20분 정도면 둘러볼 수 있으며 서귀포항과 새연교의 멋진 풍경을 여유롭게 즐길 수 있다.',5,1,'/관광지/새섬공원.jpg','admin',NULL,NULL),(266,'넥슨컴퓨터박물관','관광지','33.4721633588','126.4857714937','63091','064-745-1994','제주특별자치도 제주시 1100로 3198-8(노형동)','넥슨컴퓨터박물관은 인류의 삶을 가장 빠르게 변화시킨 현재 진행형 매체인 \'컴퓨터\'와 그 발전에 기여해 온 \'게임\'의 역사를 함께 조망함으로써 우리의 미래를 상상해 볼 수 있는 체험형 박물관이다. 유리 케이스 너머로 바라보는 전시에서 벗어나, 대부분의 소장품들을 관람객의 직접적인 체험이 가능하도록 전시되어 있으며, 쾌적한 관람 환경을 위해 예약 관람제로 운영하고 있다.',5,1,'/관광지/넥슨컴퓨터박물관.jpg','admin',NULL,NULL),(267,'노을해안로','관광지','33.2563744294','126.2027620245','','064-740-6000','제주특별자치도 서귀포시 대정읍 영락리			','노을해안로는 이름에 걸맞게 일몰에 가면 멋진 노을을 감상할 수 있는 곳이다. 노을 뷰가 멋진 곳으로 알려졌지만 돌고래를 볼 수 있는 곳으로도 유명하다. 도로 주변을 지나다 보면 돌고래  관련 커피숍, 펜션 등의 상호들을 심심치 않게 볼 수 있다. 노을해안로는 대정읍 일과리에서 신도 1리로 향하는 약 12km 코스로 국토해양부에서 선정한 전국 52개의 해안 누리길 중 46코스에 속하는 길이다. 해안 길 곳곳에 전망대와 정자가 있어 쉬어 가며 경치를 볼 수 있고 날씨가 좋을 경우, 후반부 2km 구간에서는 마라도의 모습까지 볼 수 있다. 제주 해안 길 중 일몰이 가장 아름답다는 후기로 유명하다.',5,1,'/관광지/노을해안로.jpg','admin',NULL,NULL),(268,'금룡사(제주)','관광지','33.5539724801','126.7536019143','63357','064-783-5180','제주특별자치도 제주시 구좌읍 김녕로 148-11(구좌읍)','제주 금룡사의 템플스테이는 체험형과 휴식형 두가지이다. [체험형 템플스테이]는 주말에 운영되는 정기 체험형 프로그램으로 사찰예절, 사찰안내, 범종체험, 예불, 나 긍정 명상, 108배 자비명상, 파도소리 명상, 스님과의 대화, 칭찬샤워 등의 프로그램을 진행하고 있다. [휴식형 템플스테이]는 바쁜 일상에서 잠시 벗어나 나만의 시간, 나와의 대화를 통해 마음을 쉬어가기 위한 프로그램이다. 예불, 공양, 운력 외에 올레길 걷기, 지질트레일, 바닷가 해맞이, 독서, 기도 등 개인이 자율적으로 자아성찰의 시간을 가지면 된다.원할 경우 108배하며 108염주 꿰기 체험, 스님과의 차담, 명상을 할 수 있다.',5,1,'/관광지/금룡사(제주).jpg','admin',NULL,NULL),(269,'해맞이해안로','관광지','33.5504226979','126.7427251632','','064-740-6000','제주특별자치도 제주시 구좌읍 김녕리			','제주 동쪽 해가 뜨는 방향의 해안도로라는 의미의 해맞이해안로는 제주시 구좌읍 김녕리에서 서귀포시 성산읍 오조리까지 해안을 따라 조성된 약 27.8㎞의 도로이다. 올레길 21코스에 포함되는 해맞이해안로를 가다 보면 해맞이 명소로 유명한 성산 일출봉이 있어 제주를 방문하는 여행객들이 꼭 지나가는 길이다. 김녕- 월정리 -세화 -하도 -종달리 -성산 일출봉까지 연결되어 있어 제주의 맛집, 카페, 명소 등을 중간중간 방문할 수 있어 접근성도 좋다. 제주에 오면 꼭 들러야 하는 해맞이해안로의 가장 큰 매력은 끝없이 펼쳐지는 제주 바다를 감상할 수 있다는 점이다.',5,1,'/관광지/해맞이해안로.jpg','admin',NULL,NULL),(270,'송당 제주살롱','관광지','33.4710432318','126.7825929690','63355','070-8860-7504','제주특별자치도 제주시 구좌읍 송당2길 7-1			','제주에서도 아담하고 조용한 마을인 송당에 자리한 북카페다. 간단한 음료와 함께 책을 읽을 수 있는 이곳은 북스테이를 할 수 있는 ‘생각의 오름’도 함께 운영한다. 북스테이는 여성 1인 전용으로 운영되는데, 북스테이를 할 경우 서가의 책들을 대여해 읽을 수 있다. 북카페 내부에도 혼자 여행하는 이들이 편안하게 책을 읽을 수 있는 공간들을 배려한 느낌이다. 인문서점을 표방하는 제주살롱은 인문예술에 대한 주인장의 관심이 고스란히 묻어난다. 진열된 일부 책에는 주인장의 간략한 독서 한 줄 평이 적혀 있어서 공감대를 느끼며 책을 고르는 재미도 쏠쏠하다. 서점에서는 다양한 프로그램도 운영된다. 책을 좋아하는 사람들과 함께 독서 모임을 하거나 작가를 초청해 인문학 강연을 듣기도 한다.',5,1,'/관광지/송당 제주살롱.jpg','admin',NULL,NULL),(271,'제주 성산항','관광지','33.4725482235','126.9299218287','63643','064-740-6000','제주특별자치도 서귀포시 성산읍 성산등용로 129-21			','제주도 동쪽 끝에 위치한 성산항은 총면적 7만 4292㎡이며, 제주항에서 25해리 서귀포항에서 30해리 정도 떨어져 있는 곳에 있다.  제주도 동쪽 끝에 위치하여 주로 모래, 감귤 등 제주 동부 지역 연안 화물 처리와 연안 어업 기지로서의 기능을 수행하고 있다. 수산물 유통과 여객의 해상 교통 편의를 제공하기 위해 1968년 1월 연안항으로 지정되었다. 성산항 근처에는 세계 자연 유산으로 뽑히는 성산 일출봉과 우도 등이 있어 제주도 여행객들이 한 번씩 들리는 곳이다. 성산항 여객터미널에서는 성산포 전경과 우도의 절경을 볼 수 있는 유람선을 운행 중이다. 또 성산항을 시작해 종달, 세화, 김녕을 잇는 해안 도로 코스도 있어 제주 관광 코스에 빠지지 않는 관광명소이다.',5,1,'/관광지/제주 성산항.jpg','admin',NULL,NULL),(272,'전농로','관광지','33.5045963796','126.5171791396','63177','064-740-6000(제주관광정보센터)','제주특별자치도 제주시 삼도1동벚꽃거리','제주공항에서 자동차로 10분이면 도착할 수 있는 전농로는 하늘을 가득 메운 벚꽃터널이 인상적인 벚꽃길이다. 굳이 지도를 확인하지 않아도 창문 밖으로 흩날리는 꽃비를 보면 여기가 제주도 벚꽃 명소라는 걸 단번에 알 수 있다. 구도심인 삼도1동에 자리한 전농로는 약 1.2km에 이르는 왕복 2차선 도로로, 양쪽 도로변을 따라 제주 지역 자생종인 왕벚나무가 끝없이 이어져 있다. 짧게는 20년에서 많게는 100년 이상 된 이곳 왕벚나무들이 피우는 꽃은 제주에서도 특히 아름답기로 유명하다. 해마다 봄이면 거리 가득 흐드러진 벚꽃이 그야말로 꽃 천지를 이룬다. 1992년부터 전농로를 배경으로 열리는 제주 왕벚꽃축제는 제주를 대표하는 봄꽃축제로 꼽힌다. 벚꽃 사이로 내리쬐는 따스한 햇살과 향기로운 봄바람이 육지보다 이른 제주의 봄을 만끽하기에 그만이다.',5,1,'/관광지/전농로.jpg','admin',NULL,NULL),(273,'서귀포항','관광지','33.2391598040','126.5648726592','63596','064-740-6000','제주특별자치도 서귀포시 칠십리로72번길 14(서귀동)','서귀포항은 우리나라 최남단에 자리하고 있으며, 한라산이 있어 여름을 제외하고 평온한 해상 날씨를 자랑한다. 어선뿐만 아니라 관광 항구로서도, 관광 잠수함, 유람선, 선상낚시, 제트보트, 스쿠버다이빙 등 다양한 레저시설이 함께 있는 곳이다. 서귀포항 주변에는 문섬과 새섬, 섶섬 등 아름다운 섬들이 펼쳐져 있어 해양 생태계 보전지역 및 해양 보호지역으로 지정되어 있다. 특히 문섬 앞바다는 산호 풍경이 아름다워 다이버들이 즐겨 찾는 곳이기도 하다. 서귀포항을 지나면 새연교를 따라 이어지는 새섬 공원도 있어 한적한 바다와 해안을 둘러보기에 좋다.',5,1,'/관광지/서귀포항.jpg','admin',NULL,NULL),(274,'답다니탑망대','관광지','33.5244567430','126.9525853309','63365','064-740-6000','제주특별자치도 제주시 우도면 우도해안길 602			','우도 해안 도로를 따라 돌다 보면 유난히 돌탑을 많이 만나게 된다. 특히, 바위 크기로 쌓아 올린 탑 모양이 무척 이색적인데, 이런 돌탑 중에서도 망루처럼 쌓아 올린 답다니탑망대라고 불리는 곳이 있다. 제주 4.3 사건 당시 제주도 본섬과 바다의 상황들을 알아보고자 쌓아 올린 초소의 역할을 했다. 그 이전에는 1895년까지 불을 지펴 소식을 전하는 봉수대로 썼다고 한다. 답다니탑망대 옆에는 득생곶등대라는 망루 등대가 있는데, 우도를 찾는 관광객들에게 먼 바다와 해변을 배경으로 사진을 찍을 수 있는 쉼터가 되어주고 있다.',5,1,'/관광지/답다니탑망대.jpg','admin',NULL,NULL),(275,'수목원테마파크(아이스뮤지엄)','관광지','33.4706885565','126.4879352279','63141','064-742-3700','제주특별자치도 제주시 은수길 69			','수목원테마파크(아이스뮤지엄)에는 다양한 얼음 조각전시와 관람객들이 직접 체험할 수 있는 이글루, 대형 아이스 미끄럼틀로 더욱 재미있는 공간을 연출하였다. 아이들이 더욱 좋아하는 5D영상관과 그림이 살아 움직이는 증강현실 착시아트가 있어 더욱 실감나는 AR증강현실 체험을 할 수 있다. 더 나아가 최근에는 2018년 6월부터 테마파크 본관 후면에 야시장 골목상권을 형성하였고 제주식 푸드 트럭 프로젝트로서 SNS에서 인기몰이를 이어가는 등 국내 먹거리 문화를 주도하고 있다.',5,1,'/관광지/수목원테마파크(아이스뮤지엄).jpg','admin',NULL,NULL),(276,'세화 책다방','관광지','33.5571061167','126.7939011214','63358','010-5593-7968','제주특별자치도 제주시 구좌읍 월정1길 70-1			','책다방은 제주 동쪽 월정리해변에서 만날 수 있는 책방이다. 음료와 함께 책을 즐길 수 있는 공간으로 제주의 감성을 듬뿍 담은 엽서들과 고양이 기념품, 가방 등 다양한 굿즈들도 판매하고 있다. 할머니 집을 떠올리게 하는 포근한 분위기 속에서 조용히 책을 읽기에 더할 나위 없이 좋다. 책방 한쪽엔 손때 가득한 전통 소반과 방석이 놓여 있고, 오래된 서랍장과 양탄자 등이 복고풍의 정겨운 분위기를 풍긴다. 여행 관련 서적부터 시집, 고양이 관련 서적. 소설과 에세이까지 다양한 분야의 책들이 전시되어 있다. 어린 시절 추억을 떠올리게 하는 유명 만화책들도 눈길을 사로잡는다. 3,000원의 입장료를 내면 비치된 책을 마음껏 읽을 수 있다. 운이 좋으면 책다방의 마스코트인 귀여운 고양이도 볼 수 있다.',5,1,'/관광지/세화 책다방.jpg','admin',NULL,NULL),(277,'자구내포구','관광지','33.3093902050','126.1651502316','63008','064-740-6000','제주특별자치도 제주시 한경면 노을해안로 1161			','자구내포구에 가면 차귀도가 눈앞에 펼쳐져 있다. 고래 등 같은 생김새 때문에 고래가 물 밖으로 나와 쉬는 것처럼 보이기도 한다. 한치와 오징어 제철 시기에는 포구에 오징어 말리는 모습을 볼 수 있고, 즉석에서 오징어 파는 점포들도 종종 볼 수 있다. 차귀도 가는 배가 자구내포구에 있어 차귀도 포구라고도 불린다. 자구내포구는 작은 포구라 관광 명소는 아니지만, 노을이 아름다운 곳으로 유명하다. 차귀도의 매바위 방향으로 해가 넘어가면서 멋진 풍경을 만들어낸다. 노을과 한적한 어촌의 풍경이 적절히 어우러진 정겨운 곳이다.',5,1,'/관광지/자구내포구.jpg','admin',NULL,NULL),(278,'제주 유수암마을','관광지','33.4413793435','126.4030877096','63067','064-799-2229','제주특별자치도 제주시 애월읍 유수암평화길 14(애월읍)','유수암마을은 제주공항에서 남서쪽으로 15km 떨어진 지점에 위치하고 있으며 해발 200~250m 높이에 위치한 중산간 마을로서 형제봉(녹고뫼오름) 오름들과 맑게 솟아 흐르는 유수암물, 무환자나무 및 팽나무 군락지와 어우러져 천혜의 자연환경을 갖추고 있는 자연생태우수마을이다. 제주의 특산품인 감귤수확 체험, 귤쨈 만들기는 제주도에서만 할 수 있는 체험이며 아이들에게 기억에 남는 추억을 만들어 줄 수 있다.',5,1,'/관광지/제주 유수암마을.jpg','admin',NULL,NULL),(279,'신화테마파크','관광지','33.3065177523','126.3076045827','63521','1670-1188','제주특별자치도 서귀포시 안덕면 신화역사로304번길 98			','인기 캐릭터 \'라바\'를 탄생시킨 글로벌 3D 애니메이션 제작사, 투바앤(TUBAn)의 다양한 캐릭터와 스토리가 가득한 신화테마파크는 방문객들에게 흥미롭고 환상적인 하루를 선사한다. 환상적인 여행으로 안내하는 \'로터리 파크\'를 지나, 정글 속 신비한 고대 도시 \'오스카 뉴월드\'를 거쳐, 귀여운 캐릭터와 볼거리 가득한 \'라바 어드벤처 빌리지\'에 다다르는 여정, 15가지 짜릿한 놀이기구와 어트랙션, VR체험, 신나는 퍼레이드까지 즐길수 있다.',5,1,'/관광지/신화테마파크.jpg','admin',NULL,NULL),(280,'인디고트리','관광지','33.2638248613','126.6348410430','63613','010-4720-8185','제주특별자치도 서귀포시 남원읍 하례망장포로 4			','인디고트리는 오래된 귤 창고를 카페이자 편집샵으로 개조한 곳으로 곳곳이 돌로 꾸며져 투박하면서도 빈티지한 멋이 느껴지며, 건물 외관은 제주도 본연의 모습이 느껴진다. 카페 메뉴 중 제주도 특산품인 귤로 만든 에이드와 차는 산지의 귤을 바로 사용한 신선하면서도 새콤한 맛이 특징이다.인디고트리의 1층은 개성 넘치는 의류나 라이프스타일 소품들을 구경할 수 있는 편집샵 공간과 카페로 나뉘어져 있으며, 2층은 1층을 내려다 볼 수 있는 다락처럼 꾸며져 있다. 내부는 인더스트리얼 스타일(Inderstrial Style) 인테리어 분위기를 표현해 거칠면서도 심플한 분위기를 자아낸다. 도심에서는 쉽게 찾기 어려운 제주도의 감성을 느끼며 쉬어 가기 좋은 곳이다.',5,1,'/관광지/인디고트리.jpg','admin',NULL,NULL),(281,'구엄리돌염전','관광지','33.4789303956','126.3812109878','','064-740-6000','제주특별자치도 제주시 애월읍 구엄리			','제주 서쪽 해안도로를 따라 달리다 보면 우리나라 유일의 돌염전인 ‘소금 빌레’를 만날 수 있다. 구엄리에 자리한 이 돌염전은 용암이 굳어져 깨진 널찍한 현무암 지대에 흙을 돋우어 칸 칸마다 바닷물을 채우고 햇볕에 말려 천일염을 제조했다. 한때 소금밭의 규모가 1,500평에 이를 만큼 구엄리 사람들에겐 중요한 생계수단이었다. ‘염장이’로 불리던 이들은 귀한 소금밭을 큰딸에게만 상속했다. 여성의 생활력이 훨씬 강했던 제주의 특성을 짐작할 수 있는 부분이다. 1950년대까지도 활발하게 운영됐던 구엄리 돌염전은 육지에서 들어온 값싼 소금에 밀려 결국 사라졌다. 하지만 관광자원으로 새롭게 복원된 돌염전은 제주 어디서도 만날 수 없는 특별한 풍경을 선물한다. 특히 염전에 물이 찼을 때 거울처럼 맑은 반영사진을 찍을 수 있어 관광객들의 발길이 이어진다.',5,1,'/관광지/구엄리돌염전.jpg','admin',NULL,NULL);
/*!40000 ALTER TABLE `place` ENABLE KEYS */;
UNLOCK TABLES;

--
-- Table structure for table `placelike`
--

DROP TABLE IF EXISTS `placelike`;
/*!40101 SET @saved_cs_client     = @@character_set_client */;
/*!50503 SET character_set_client = utf8mb4 */;
CREATE TABLE `placelike` (
  `user_id` varchar(100) NOT NULL,
  `place_id` int NOT NULL,
  `id` int NOT NULL AUTO_INCREMENT,
  PRIMARY KEY (`id`),
  KEY `fk_user_has_place_place1_idx` (`place_id`),
  KEY `fk_user_has_place_user1_idx` (`user_id`),
  CONSTRAINT `fk_user_has_place_place1` FOREIGN KEY (`place_id`) REFERENCES `place` (`id`),
  CONSTRAINT `fk_user_has_place_user1` FOREIGN KEY (`user_id`) REFERENCES `user` (`id`)
) ENGINE=InnoDB DEFAULT CHARSET=utf8mb3;
/*!40101 SET character_set_client = @saved_cs_client */;

--
-- Dumping data for table `placelike`
--

LOCK TABLES `placelike` WRITE;
/*!40000 ALTER TABLE `placelike` DISABLE KEYS */;
/*!40000 ALTER TABLE `placelike` ENABLE KEYS */;
UNLOCK TABLES;

--
-- Table structure for table `placereview`
--

DROP TABLE IF EXISTS `placereview`;
/*!40101 SET @saved_cs_client     = @@character_set_client */;
/*!50503 SET character_set_client = utf8mb4 */;
CREATE TABLE `placereview` (
  `user_id` varchar(100) NOT NULL,
  `place_id` int NOT NULL,
  `id` int NOT NULL AUTO_INCREMENT,
  `title` varchar(45) DEFAULT NULL,
  `content` varchar(255) NOT NULL,
  `rate` double NOT NULL,
  `img` varchar(255) DEFAULT NULL,
  `create_date` timestamp NOT NULL DEFAULT CURRENT_TIMESTAMP,
  PRIMARY KEY (`id`),
  KEY `fk_user_has_place_place2_idx` (`place_id`),
  KEY `fk_user_has_place_user2_idx` (`user_id`),
  CONSTRAINT `fk_user_has_place_place2` FOREIGN KEY (`place_id`) REFERENCES `place` (`id`),
  CONSTRAINT `fk_user_has_place_user2` FOREIGN KEY (`user_id`) REFERENCES `user` (`id`)
) ENGINE=InnoDB DEFAULT CHARSET=utf8mb3;
/*!40101 SET character_set_client = @saved_cs_client */;

--
-- Dumping data for table `placereview`
--

LOCK TABLES `placereview` WRITE;
/*!40000 ALTER TABLE `placereview` DISABLE KEYS */;
/*!40000 ALTER TABLE `placereview` ENABLE KEYS */;
UNLOCK TABLES;

--
-- Table structure for table `planlike`
--

DROP TABLE IF EXISTS `planlike`;
/*!40101 SET @saved_cs_client     = @@character_set_client */;
/*!50503 SET character_set_client = utf8mb4 */;
CREATE TABLE `planlike` (
  `user_id` varchar(100) NOT NULL,
  `userplan_id` int NOT NULL,
  `id` int NOT NULL AUTO_INCREMENT,
  PRIMARY KEY (`id`),
  KEY `fk_user_has_userplan_userplan1_idx` (`userplan_id`),
  KEY `fk_user_has_userplan_user1_idx` (`user_id`),
  CONSTRAINT `fk_user_has_userplan_user1` FOREIGN KEY (`user_id`) REFERENCES `user` (`id`),
  CONSTRAINT `fk_user_has_userplan_userplan1` FOREIGN KEY (`userplan_id`) REFERENCES `userplan` (`id`)
) ENGINE=InnoDB DEFAULT CHARSET=utf8mb3;
/*!40101 SET character_set_client = @saved_cs_client */;

--
-- Dumping data for table `planlike`
--

LOCK TABLES `planlike` WRITE;
/*!40000 ALTER TABLE `planlike` DISABLE KEYS */;
/*!40000 ALTER TABLE `planlike` ENABLE KEYS */;
UNLOCK TABLES;

--
-- Table structure for table `planreview`
--

DROP TABLE IF EXISTS `planreview`;
/*!40101 SET @saved_cs_client     = @@character_set_client */;
/*!50503 SET character_set_client = utf8mb4 */;
CREATE TABLE `planreview` (
  `user_id` varchar(100) NOT NULL,
  `userplan_id` int NOT NULL,
  `id` int NOT NULL AUTO_INCREMENT,
  `title` varchar(45) DEFAULT NULL,
  `content` varchar(255) NOT NULL,
  `rate` double NOT NULL,
  `img` varchar(255) DEFAULT NULL,
  `create_date` timestamp NOT NULL DEFAULT CURRENT_TIMESTAMP,
  PRIMARY KEY (`id`),
  KEY `fk_user_has_userplan_userplan2_idx` (`userplan_id`),
  KEY `fk_user_has_userplan_user2_idx` (`user_id`),
  CONSTRAINT `fk_user_has_userplan_user2` FOREIGN KEY (`user_id`) REFERENCES `user` (`id`),
  CONSTRAINT `fk_user_has_userplan_userplan2` FOREIGN KEY (`userplan_id`) REFERENCES `userplan` (`id`)
) ENGINE=InnoDB DEFAULT CHARSET=utf8mb3;
/*!40101 SET character_set_client = @saved_cs_client */;

--
-- Dumping data for table `planreview`
--

LOCK TABLES `planreview` WRITE;
/*!40000 ALTER TABLE `planreview` DISABLE KEYS */;
/*!40000 ALTER TABLE `planreview` ENABLE KEYS */;
UNLOCK TABLES;

--
-- Table structure for table `planshareuser`
--

DROP TABLE IF EXISTS `planshareuser`;
/*!40101 SET @saved_cs_client     = @@character_set_client */;
/*!50503 SET character_set_client = utf8mb4 */;
CREATE TABLE `planshareuser` (
  `id` int NOT NULL AUTO_INCREMENT,
  `user_id` varchar(100) NOT NULL,
  `plan_id` int NOT NULL,
  PRIMARY KEY (`id`),
  KEY `fk_user_planShareUser_idx` (`user_id`),
  KEY `fk_userPlan_planShareUser_idx` (`plan_id`),
  CONSTRAINT `fk_user_planShareUser` FOREIGN KEY (`user_id`) REFERENCES `user` (`id`),
  CONSTRAINT `fk_userPlan_planShareUser` FOREIGN KEY (`plan_id`) REFERENCES `userplan` (`id`)
) ENGINE=InnoDB DEFAULT CHARSET=utf8mb3;
/*!40101 SET character_set_client = @saved_cs_client */;

--
-- Dumping data for table `planshareuser`
--

LOCK TABLES `planshareuser` WRITE;
/*!40000 ALTER TABLE `planshareuser` DISABLE KEYS */;
/*!40000 ALTER TABLE `planshareuser` ENABLE KEYS */;
UNLOCK TABLES;

--
-- Table structure for table `route`
--

DROP TABLE IF EXISTS `route`;
/*!40101 SET @saved_cs_client     = @@character_set_client */;
/*!50503 SET character_set_client = utf8mb4 */;
CREATE TABLE `route` (
  `id` int NOT NULL AUTO_INCREMENT,
  `name` varchar(100) DEFAULT NULL,
  `day` int NOT NULL COMMENT '일자별 경로\nday1, day2...',
  `memo` varchar(255) DEFAULT NULL,
  `isCustom` varchar(1) NOT NULL COMMENT '사용자가 커스텀한 route인지',
  PRIMARY KEY (`id`)
) ENGINE=InnoDB AUTO_INCREMENT=115 DEFAULT CHARSET=utf8mb3;
/*!40101 SET character_set_client = @saved_cs_client */;

--
-- Dumping data for table `route`
--

LOCK TABLES `route` WRITE;
/*!40000 ALTER TABLE `route` DISABLE KEYS */;
INSERT INTO `route` VALUES (1,NULL,1,NULL,'F'),(2,NULL,1,NULL,'F'),(3,NULL,1,NULL,'F'),(4,NULL,1,NULL,'F'),(5,NULL,1,NULL,'F'),(6,NULL,1,NULL,'F'),(7,NULL,1,NULL,'F'),(8,NULL,1,NULL,'F'),(9,NULL,1,NULL,'F'),(10,NULL,1,NULL,'F'),(11,NULL,1,NULL,'F'),(12,NULL,1,NULL,'F'),(13,NULL,1,NULL,'F'),(14,NULL,1,NULL,'F'),(15,NULL,1,NULL,'F'),(16,NULL,1,NULL,'F'),(17,NULL,1,NULL,'F'),(18,NULL,1,NULL,'F'),(19,NULL,1,NULL,'F'),(20,NULL,2,NULL,'F'),(21,NULL,1,NULL,'F'),(22,NULL,2,NULL,'F'),(23,NULL,1,NULL,'F'),(24,NULL,2,NULL,'F'),(25,NULL,1,NULL,'F'),(26,NULL,2,NULL,'F'),(27,NULL,1,NULL,'F'),(28,NULL,2,NULL,'F'),(29,NULL,1,NULL,'F'),(30,NULL,2,NULL,'F'),(31,NULL,1,NULL,'F'),(32,NULL,2,NULL,'F'),(33,NULL,1,NULL,'F'),(34,NULL,2,NULL,'F'),(35,NULL,1,NULL,'F'),(36,NULL,2,NULL,'F'),(37,NULL,1,NULL,'F'),(38,NULL,2,NULL,'F'),(39,NULL,1,NULL,'F'),(40,NULL,2,NULL,'F'),(41,NULL,1,NULL,'F'),(42,NULL,2,NULL,'F'),(43,NULL,1,NULL,'F'),(44,NULL,2,NULL,'F'),(45,NULL,3,NULL,'F'),(46,NULL,1,NULL,'F'),(47,NULL,2,NULL,'F'),(48,NULL,3,NULL,'F'),(49,NULL,1,NULL,'F'),(50,NULL,2,NULL,'F'),(51,NULL,3,NULL,'F'),(52,NULL,1,NULL,'F'),(53,NULL,2,NULL,'F'),(54,NULL,3,NULL,'F'),(55,NULL,1,NULL,'F'),(56,NULL,2,NULL,'F'),(57,NULL,3,NULL,'F'),(58,NULL,1,NULL,'F'),(59,NULL,2,NULL,'F'),(60,NULL,3,NULL,'F'),(61,NULL,1,NULL,'F'),(62,NULL,2,NULL,'F'),(63,NULL,3,NULL,'F'),(64,NULL,4,NULL,'F'),(65,NULL,1,NULL,'F'),(66,NULL,2,NULL,'F'),(67,NULL,3,NULL,'F'),(68,NULL,4,NULL,'F'),(69,NULL,1,NULL,'F'),(70,NULL,2,NULL,'F'),(71,NULL,3,NULL,'F'),(72,NULL,4,NULL,'F'),(73,NULL,1,NULL,'F'),(74,NULL,2,NULL,'F'),(75,NULL,3,NULL,'F'),(76,NULL,4,NULL,'F'),(77,NULL,1,NULL,'F'),(78,NULL,2,NULL,'F'),(79,NULL,3,NULL,'F'),(80,NULL,4,NULL,'F'),(81,NULL,1,NULL,'F'),(82,NULL,2,NULL,'F'),(83,NULL,3,NULL,'F'),(84,NULL,4,NULL,'F'),(85,NULL,1,NULL,'F'),(86,NULL,2,NULL,'F'),(87,NULL,3,NULL,'F'),(88,NULL,4,NULL,'F'),(89,NULL,5,NULL,'F'),(90,NULL,1,NULL,'F'),(91,NULL,2,NULL,'F'),(92,NULL,3,NULL,'F'),(93,NULL,4,NULL,'F'),(94,NULL,5,NULL,'F'),(95,NULL,1,NULL,'F'),(96,NULL,2,NULL,'F'),(97,NULL,3,NULL,'F'),(98,NULL,4,NULL,'F'),(99,NULL,5,NULL,'F'),(100,NULL,1,NULL,'F'),(101,NULL,2,NULL,'F'),(102,NULL,3,NULL,'F'),(103,NULL,4,NULL,'F'),(104,NULL,5,NULL,'F'),(105,NULL,1,NULL,'F'),(106,NULL,2,NULL,'F'),(107,NULL,3,NULL,'F'),(108,NULL,4,NULL,'F'),(109,NULL,5,NULL,'F'),(110,NULL,1,NULL,'F'),(111,NULL,2,NULL,'F'),(112,NULL,3,NULL,'F'),(113,NULL,4,NULL,'F'),(114,NULL,5,NULL,'F');
/*!40000 ALTER TABLE `route` ENABLE KEYS */;
UNLOCK TABLES;

--
-- Table structure for table `routedetail`
--

DROP TABLE IF EXISTS `routedetail`;
/*!40101 SET @saved_cs_client     = @@character_set_client */;
/*!50503 SET character_set_client = utf8mb4 */;
CREATE TABLE `routedetail` (
  `route_id` int NOT NULL,
  `id` int NOT NULL AUTO_INCREMENT,
  `place_id` int NOT NULL,
  `priority` int NOT NULL COMMENT '우선순위에 따라 장소 정렬',
  `memo` varchar(255) DEFAULT NULL,
  PRIMARY KEY (`id`),
  KEY `fk_route_routeDetail_idx` (`route_id`),
  KEY `fk_place_routeDetail_idx` (`place_id`),
  CONSTRAINT `fk_place_routeDetail` FOREIGN KEY (`place_id`) REFERENCES `place` (`id`),
  CONSTRAINT `fk_route_routeDetail` FOREIGN KEY (`route_id`) REFERENCES `route` (`id`)
) ENGINE=InnoDB AUTO_INCREMENT=590 DEFAULT CHARSET=utf8mb3;
/*!40101 SET character_set_client = @saved_cs_client */;

--
-- Dumping data for table `routedetail`
--

LOCK TABLES `routedetail` WRITE;
/*!40000 ALTER TABLE `routedetail` DISABLE KEYS */;
INSERT INTO `routedetail` VALUES (1,1,27,1,NULL),(1,2,244,2,NULL),(1,3,243,3,NULL),(1,4,22,4,NULL),(2,5,2,1,NULL),(2,6,233,2,NULL),(2,7,249,3,NULL),(2,8,22,4,NULL),(3,9,22,1,NULL),(3,10,238,2,NULL),(3,11,242,3,NULL),(3,12,1,4,NULL),(4,13,5,1,NULL),(4,14,101,2,NULL),(4,15,36,3,NULL),(4,16,28,4,NULL),(5,17,1,1,NULL),(5,18,133,2,NULL),(5,19,143,3,NULL),(5,20,26,4,NULL),(6,21,135,1,NULL),(6,22,4,2,NULL),(6,23,274,3,NULL),(6,24,193,4,NULL),(6,25,216,5,NULL),(6,26,20,6,NULL),(7,27,186,1,NULL),(7,28,5,2,NULL),(7,29,266,3,NULL),(7,30,231,4,NULL),(7,31,1,5,NULL),(8,32,28,1,NULL),(8,33,174,2,NULL),(8,34,197,3,NULL),(8,35,26,4,NULL),(9,36,15,1,NULL),(9,37,202,2,NULL),(9,38,140,3,NULL),(9,39,26,4,NULL),(10,40,236,1,NULL),(10,41,20,2,NULL),(10,42,56,3,NULL),(10,43,213,4,NULL),(10,44,9,5,NULL),(11,45,60,1,NULL),(11,46,15,2,NULL),(11,47,43,3,NULL),(11,48,156,4,NULL),(11,49,13,5,NULL),(12,50,5,1,NULL),(12,51,51,2,NULL),(12,52,39,3,NULL),(12,53,19,4,NULL),(13,54,5,1,NULL),(13,55,145,2,NULL),(13,56,157,3,NULL),(13,57,27,4,NULL),(14,58,27,1,NULL),(14,59,279,2,NULL),(14,60,146,3,NULL),(14,61,29,4,NULL),(15,62,1,1,NULL),(15,63,175,2,NULL),(15,64,170,3,NULL),(15,65,19,4,NULL),(16,66,186,1,NULL),(16,67,7,2,NULL),(16,68,139,3,NULL),(16,69,241,4,NULL),(16,70,27,5,NULL),(17,71,186,1,NULL),(17,72,6,2,NULL),(17,73,154,3,NULL),(17,74,221,4,NULL),(17,75,27,5,NULL),(18,76,2,1,NULL),(18,77,183,2,NULL),(18,78,214,3,NULL),(18,79,19,4,NULL),(19,80,27,1,NULL),(19,81,244,2,NULL),(19,82,243,3,NULL),(19,83,22,4,NULL),(19,84,79,5,NULL),(20,85,245,1,NULL),(20,86,18,2,NULL),(20,87,280,3,NULL),(20,88,148,4,NULL),(20,89,14,5,NULL),(21,90,2,1,NULL),(21,91,233,2,NULL),(21,92,249,3,NULL),(21,93,22,4,NULL),(21,94,79,5,NULL),(22,95,2,1,NULL),(22,96,160,2,NULL),(22,97,235,3,NULL),(22,98,14,4,NULL),(23,99,5,1,NULL),(23,100,101,2,NULL),(23,101,36,3,NULL),(23,102,28,4,NULL),(23,103,93,5,NULL),(24,104,129,1,NULL),(24,105,16,2,NULL),(24,106,174,3,NULL),(24,107,143,4,NULL),(24,108,26,5,NULL),(25,109,1,1,NULL),(25,110,133,2,NULL),(25,111,143,3,NULL),(25,112,26,4,NULL),(25,113,81,5,NULL),(26,114,106,1,NULL),(26,115,16,2,NULL),(26,116,197,3,NULL),(26,117,140,4,NULL),(26,118,13,5,NULL),(27,119,27,1,NULL),(27,120,179,2,NULL),(27,121,150,3,NULL),(27,122,28,4,NULL),(27,123,87,5,NULL),(28,124,144,1,NULL),(28,125,12,2,NULL),(28,126,44,3,NULL),(28,127,199,4,NULL),(28,128,10,5,NULL),(29,129,15,1,NULL),(29,130,202,2,NULL),(29,131,140,3,NULL),(29,132,26,4,NULL),(29,133,81,5,NULL),(30,134,143,1,NULL),(30,135,194,2,NULL),(30,136,28,3,NULL),(30,137,165,4,NULL),(30,138,27,5,NULL),(31,139,236,1,NULL),(31,140,20,2,NULL),(31,141,56,3,NULL),(31,142,213,4,NULL),(31,143,9,5,NULL),(31,144,61,6,NULL),(32,145,58,1,NULL),(32,146,4,2,NULL),(32,147,181,3,NULL),(32,148,34,4,NULL),(32,149,13,5,NULL),(33,150,60,1,NULL),(33,151,15,2,NULL),(33,152,43,3,NULL),(33,153,156,4,NULL),(33,154,13,5,NULL),(33,155,82,6,NULL),(34,156,246,1,NULL),(34,157,7,2,NULL),(34,158,50,3,NULL),(34,159,186,4,NULL),(34,160,6,5,NULL),(35,161,5,1,NULL),(35,162,145,2,NULL),(35,163,157,3,NULL),(35,164,27,4,NULL),(35,165,85,5,NULL),(36,166,275,1,NULL),(36,167,1,2,NULL),(36,168,278,3,NULL),(36,169,142,4,NULL),(37,170,27,1,NULL),(37,171,279,2,NULL),(37,172,146,3,NULL),(37,173,29,4,NULL),(37,174,78,5,NULL),(38,175,144,1,NULL),(38,176,12,2,NULL),(38,177,265,3,NULL),(38,178,280,4,NULL),(38,179,14,5,NULL),(39,180,186,1,NULL),(39,181,7,2,NULL),(39,182,139,3,NULL),(39,183,241,4,NULL),(39,184,27,5,NULL),(39,185,85,6,NULL),(40,186,185,1,NULL),(40,187,11,2,NULL),(40,188,207,3,NULL),(40,189,190,4,NULL),(40,190,2,5,NULL),(41,191,186,1,NULL),(41,192,6,2,NULL),(41,193,154,3,NULL),(41,194,221,4,NULL),(41,195,27,5,NULL),(41,196,85,6,NULL),(42,197,1,1,NULL),(42,198,165,2,NULL),(42,199,150,3,NULL),(42,200,28,4,NULL),(43,201,22,1,NULL),(43,202,238,2,NULL),(43,203,242,3,NULL),(43,204,1,4,NULL),(43,205,85,5,NULL),(44,206,245,1,NULL),(44,207,18,2,NULL),(44,208,280,3,NULL),(44,209,148,4,NULL),(44,210,14,5,NULL),(44,211,85,6,NULL),(45,212,258,1,NULL),(45,213,20,2,NULL),(45,214,261,3,NULL),(45,215,213,4,NULL),(45,216,9,5,NULL),(46,217,4,1,NULL),(46,218,274,2,NULL),(46,219,193,3,NULL),(46,220,216,4,NULL),(46,221,20,5,NULL),(46,222,61,6,NULL),(47,223,106,1,NULL),(47,224,16,2,NULL),(47,225,197,3,NULL),(47,226,140,4,NULL),(47,227,13,5,NULL),(47,228,61,6,NULL),(48,229,213,1,NULL),(48,230,9,2,NULL),(48,231,124,3,NULL),(48,232,36,4,NULL),(48,233,27,5,NULL),(49,234,5,1,NULL),(49,235,266,2,NULL),(49,236,231,3,NULL),(49,237,1,4,NULL),(49,238,85,5,NULL),(50,239,143,1,NULL),(50,240,194,2,NULL),(50,241,28,3,NULL),(50,242,165,4,NULL),(50,243,27,5,NULL),(50,244,85,6,NULL),(51,245,156,1,NULL),(51,246,15,2,NULL),(51,247,179,3,NULL),(51,248,150,4,NULL),(51,249,28,5,NULL),(52,250,5,1,NULL),(52,251,51,2,NULL),(52,252,39,3,NULL),(52,253,19,4,NULL),(52,254,87,5,NULL),(53,255,58,1,NULL),(53,256,4,2,NULL),(53,257,181,3,NULL),(53,258,34,4,NULL),(53,259,13,5,NULL),(53,260,87,6,NULL),(54,261,44,1,NULL),(54,262,12,2,NULL),(54,263,223,3,NULL),(54,264,183,4,NULL),(54,265,17,5,NULL),(55,266,1,1,NULL),(55,267,175,2,NULL),(55,268,170,3,NULL),(55,269,19,4,NULL),(55,270,87,5,NULL),(56,271,144,1,NULL),(56,272,12,2,NULL),(56,273,265,3,NULL),(56,274,280,4,NULL),(56,275,14,5,NULL),(56,276,87,6,NULL),(57,277,264,1,NULL),(57,278,17,2,NULL),(57,279,279,3,NULL),(57,280,238,4,NULL),(58,281,2,1,NULL),(58,282,183,2,NULL),(58,283,214,3,NULL),(58,284,19,4,NULL),(58,285,87,5,NULL),(59,286,185,1,NULL),(59,287,11,2,NULL),(59,288,207,3,NULL),(59,289,190,4,NULL),(59,290,2,5,NULL),(59,291,87,6,NULL),(60,292,224,1,NULL),(60,293,12,2,NULL),(60,294,144,3,NULL),(60,295,264,4,NULL),(60,296,1,5,NULL),(61,297,26,1,NULL),(61,298,270,2,NULL),(61,299,261,3,NULL),(61,300,4,4,NULL),(61,301,61,5,NULL),(62,302,213,1,NULL),(62,303,9,2,NULL),(62,304,136,3,NULL),(62,305,48,4,NULL),(62,306,24,5,NULL),(62,307,61,6,NULL),(63,308,135,1,NULL),(63,309,20,2,NULL),(63,310,124,3,NULL),(63,311,248,4,NULL),(63,312,28,5,NULL),(63,313,61,6,NULL),(64,314,156,1,NULL),(64,315,15,2,NULL),(64,316,246,3,NULL),(64,317,241,4,NULL),(64,318,1,5,NULL),(65,319,5,1,NULL),(65,320,275,2,NULL),(65,321,217,3,NULL),(65,322,22,4,NULL),(65,323,79,5,NULL),(66,324,203,1,NULL),(66,325,11,2,NULL),(66,326,105,3,NULL),(66,327,238,4,NULL),(66,328,17,5,NULL),(66,329,79,6,NULL),(67,330,28,1,NULL),(67,331,129,2,NULL),(67,332,143,3,NULL),(67,333,26,4,NULL),(67,334,79,5,NULL),(68,335,185,1,NULL),(68,336,2,2,NULL),(68,337,262,3,NULL),(68,338,226,4,NULL),(68,339,1,5,NULL),(69,340,27,1,NULL),(69,341,195,2,NULL),(69,342,161,3,NULL),(69,343,17,4,NULL),(69,344,78,5,NULL),(70,345,144,1,NULL),(70,346,12,2,NULL),(70,347,223,3,NULL),(70,348,178,4,NULL),(70,349,29,5,NULL),(70,350,78,6,NULL),(71,351,200,1,NULL),(71,352,14,2,NULL),(71,353,48,3,NULL),(71,354,213,4,NULL),(71,355,9,5,NULL),(71,356,78,6,NULL),(72,357,199,1,NULL),(72,358,19,2,NULL),(72,359,170,3,NULL),(72,360,38,4,NULL),(72,361,1,5,NULL),(73,362,7,1,NULL),(73,363,50,2,NULL),(73,364,154,3,NULL),(73,365,6,4,NULL),(73,366,82,5,NULL),(74,367,34,1,NULL),(74,368,4,2,NULL),(74,369,135,3,NULL),(74,370,99,4,NULL),(74,371,20,5,NULL),(74,372,82,6,NULL),(75,373,36,1,NULL),(75,374,28,2,NULL),(75,375,101,3,NULL),(75,376,194,4,NULL),(75,377,27,5,NULL),(75,378,82,6,NULL),(76,379,43,1,NULL),(76,380,246,2,NULL),(76,381,1,3,NULL),(76,382,275,4,NULL),(77,383,15,1,NULL),(77,384,268,2,NULL),(77,385,276,3,NULL),(77,386,20,4,NULL),(77,387,61,5,NULL),(78,388,135,1,NULL),(78,389,4,2,NULL),(78,390,271,3,NULL),(78,391,99,4,NULL),(78,392,20,5,NULL),(78,393,61,6,NULL),(79,394,261,1,NULL),(79,395,9,2,NULL),(79,396,49,3,NULL),(79,397,136,4,NULL),(79,398,24,5,NULL),(79,399,61,6,NULL),(80,400,270,1,NULL),(80,401,16,2,NULL),(80,402,126,3,NULL),(80,403,179,4,NULL),(80,404,28,5,NULL),(81,405,1,1,NULL),(81,406,145,2,NULL),(81,407,238,3,NULL),(81,408,17,4,NULL),(81,409,87,5,NULL),(82,410,144,1,NULL),(82,411,12,2,NULL),(82,412,178,3,NULL),(82,413,138,4,NULL),(82,414,29,5,NULL),(82,415,87,6,NULL),(83,416,160,1,NULL),(83,417,14,2,NULL),(83,418,136,3,NULL),(83,419,48,4,NULL),(83,420,18,5,NULL),(83,421,87,6,NULL),(84,422,224,1,NULL),(84,423,19,2,NULL),(84,424,264,3,NULL),(84,425,161,4,NULL),(84,426,27,5,NULL),(85,427,7,1,NULL),(85,428,186,2,NULL),(85,429,241,3,NULL),(85,430,5,4,NULL),(85,431,90,5,NULL),(86,432,251,1,NULL),(86,433,22,2,NULL),(86,434,209,3,NULL),(86,435,162,4,NULL),(86,436,2,5,NULL),(86,437,90,6,NULL),(87,438,1,1,NULL),(87,439,244,2,NULL),(87,440,238,3,NULL),(87,441,17,4,NULL),(87,442,90,5,NULL),(88,443,272,1,NULL),(88,444,27,2,NULL),(88,445,194,3,NULL),(88,446,36,4,NULL),(88,447,28,5,NULL),(88,448,90,6,NULL),(89,449,246,1,NULL),(89,450,15,2,NULL),(89,451,43,3,NULL),(89,452,156,4,NULL),(89,453,13,5,NULL),(90,454,7,1,NULL),(90,455,111,2,NULL),(90,456,43,3,NULL),(90,457,15,4,NULL),(90,458,82,5,NULL),(91,459,156,1,NULL),(91,460,26,2,NULL),(91,461,106,3,NULL),(91,462,140,4,NULL),(91,463,16,5,NULL),(91,464,82,6,NULL),(92,465,34,1,NULL),(92,466,4,2,NULL),(92,467,99,3,NULL),(92,468,135,4,NULL),(92,469,20,5,NULL),(92,470,82,6,NULL),(93,471,36,1,NULL),(93,472,28,2,NULL),(93,473,126,3,NULL),(93,474,143,4,NULL),(93,475,15,5,NULL),(93,476,82,6,NULL),(94,477,246,1,NULL),(94,478,6,2,NULL),(94,479,154,3,NULL),(94,480,186,4,NULL),(94,481,27,5,NULL),(95,482,6,1,NULL),(95,483,221,2,NULL),(95,484,246,3,NULL),(95,485,7,4,NULL),(95,486,85,5,NULL),(96,487,43,1,NULL),(96,488,15,2,NULL),(96,489,202,3,NULL),(96,490,140,4,NULL),(96,491,26,5,NULL),(96,492,85,6,NULL),(97,493,181,1,NULL),(97,494,4,2,NULL),(97,495,135,3,NULL),(97,496,261,4,NULL),(97,497,20,5,NULL),(97,498,85,6,NULL),(98,499,217,1,NULL),(98,500,22,2,NULL),(98,501,185,3,NULL),(98,502,209,4,NULL),(98,503,11,5,NULL),(98,504,85,6,NULL),(99,505,1,1,NULL),(99,506,142,2,NULL),(99,507,275,3,NULL),(99,508,5,4,NULL),(100,509,1,1,NULL),(100,510,38,2,NULL),(100,511,238,3,NULL),(100,512,17,4,NULL),(100,513,87,5,NULL),(101,514,144,1,NULL),(101,515,12,2,NULL),(101,516,31,3,NULL),(101,517,178,4,NULL),(101,518,29,5,NULL),(101,519,87,6,NULL),(102,520,41,1,NULL),(102,521,10,2,NULL),(102,522,200,3,NULL),(102,523,148,4,NULL),(102,524,14,5,NULL),(102,525,87,6,NULL),(103,526,37,1,NULL),(103,527,12,2,NULL),(103,528,264,3,NULL),(103,529,170,4,NULL),(103,530,19,5,NULL),(103,531,87,6,NULL),(104,532,161,1,NULL),(104,533,5,2,NULL),(104,534,241,3,NULL),(104,535,186,4,NULL),(105,536,6,1,NULL),(105,537,276,2,NULL),(105,538,34,3,NULL),(105,539,20,4,NULL),(105,540,61,5,NULL),(106,541,271,1,NULL),(106,542,4,2,NULL),(106,543,99,3,NULL),(106,544,3,4,NULL),(106,545,61,5,NULL),(107,546,213,1,NULL),(107,547,9,2,NULL),(107,548,136,3,NULL),(107,549,280,4,NULL),(107,550,14,5,NULL),(107,551,61,6,NULL),(108,552,135,1,NULL),(108,553,20,2,NULL),(108,554,126,3,NULL),(108,555,270,4,NULL),(108,556,16,5,NULL),(108,557,61,6,NULL),(109,558,197,1,NULL),(109,559,26,2,NULL),(109,560,43,3,NULL),(109,561,208,4,NULL),(109,562,27,5,NULL),(110,563,27,1,NULL),(110,564,156,2,NULL),(110,565,34,3,NULL),(110,566,20,4,NULL),(110,567,61,5,NULL),(111,568,261,1,NULL),(111,569,9,2,NULL),(111,570,218,3,NULL),(111,571,136,4,NULL),(111,572,24,5,NULL),(111,573,61,6,NULL),(112,574,135,1,NULL),(112,575,4,2,NULL),(112,576,99,3,NULL),(112,577,3,4,NULL),(112,578,61,5,NULL),(113,579,213,1,NULL),(113,580,20,2,NULL),(113,581,126,3,NULL),(113,582,174,4,NULL),(113,583,16,5,NULL),(113,584,61,6,NULL),(114,585,197,1,NULL),(114,586,26,2,NULL),(114,587,143,3,NULL),(114,588,186,4,NULL),(114,589,6,5,NULL);
/*!40000 ALTER TABLE `routedetail` ENABLE KEYS */;
UNLOCK TABLES;

--
-- Table structure for table `routes`
--

DROP TABLE IF EXISTS `routes`;
/*!40101 SET @saved_cs_client     = @@character_set_client */;
/*!50503 SET character_set_client = utf8mb4 */;
CREATE TABLE `routes` (
  `id` int NOT NULL AUTO_INCREMENT,
  `route_id` int NOT NULL,
  `plan_id` int NOT NULL,
  PRIMARY KEY (`id`),
  KEY `fk_idx` (`plan_id`),
  KEY `fk_idx1` (`route_id`),
  CONSTRAINT `fk_route_routes` FOREIGN KEY (`route_id`) REFERENCES `route` (`id`),
  CONSTRAINT `fk_user_routes` FOREIGN KEY (`plan_id`) REFERENCES `userplan` (`id`)
) ENGINE=InnoDB AUTO_INCREMENT=115 DEFAULT CHARSET=utf8mb3;
/*!40101 SET character_set_client = @saved_cs_client */;

--
-- Dumping data for table `routes`
--

LOCK TABLES `routes` WRITE;
/*!40000 ALTER TABLE `routes` DISABLE KEYS */;
INSERT INTO `routes` VALUES (1,1,1),(2,2,2),(3,3,3),(4,4,4),(5,5,5),(6,6,6),(7,7,7),(8,8,8),(9,9,9),(10,10,10),(11,11,11),(12,12,12),(13,13,13),(14,14,14),(15,15,15),(16,16,16),(17,17,17),(18,18,18),(19,19,19),(20,20,19),(21,21,20),(22,22,20),(23,23,21),(24,24,21),(25,25,22),(26,26,22),(27,27,23),(28,28,23),(29,29,24),(30,30,24),(31,31,25),(32,32,25),(33,33,26),(34,34,26),(35,35,27),(36,36,27),(37,37,28),(38,38,28),(39,39,29),(40,40,29),(41,41,30),(42,42,30),(43,43,31),(44,44,31),(45,45,31),(46,46,32),(47,47,32),(48,48,32),(49,49,33),(50,50,33),(51,51,33),(52,52,34),(53,53,34),(54,54,34),(55,55,35),(56,56,35),(57,57,35),(58,58,36),(59,59,36),(60,60,36),(61,61,37),(62,62,37),(63,63,37),(64,64,37),(65,65,38),(66,66,38),(67,67,38),(68,68,38),(69,69,39),(70,70,39),(71,71,39),(72,72,39),(73,73,40),(74,74,40),(75,75,40),(76,76,40),(77,77,41),(78,78,41),(79,79,41),(80,80,41),(81,81,42),(82,82,42),(83,83,42),(84,84,42),(85,85,43),(86,86,43),(87,87,43),(88,88,43),(89,89,43),(90,90,44),(91,91,44),(92,92,44),(93,93,44),(94,94,44),(95,95,45),(96,96,45),(97,97,45),(98,98,45),(99,99,45),(100,100,46),(101,101,46),(102,102,46),(103,103,46),(104,104,46),(105,105,47),(106,106,47),(107,107,47),(108,108,47),(109,109,47),(110,110,48),(111,111,48),(112,112,48),(113,113,48),(114,114,48);
/*!40000 ALTER TABLE `routes` ENABLE KEYS */;
UNLOCK TABLES;

--
-- Table structure for table `theme`
--

DROP TABLE IF EXISTS `theme`;
/*!40101 SET @saved_cs_client     = @@character_set_client */;
/*!50503 SET character_set_client = utf8mb4 */;
CREATE TABLE `theme` (
  `id` int NOT NULL AUTO_INCREMENT,
  `name` varchar(100) NOT NULL,
  PRIMARY KEY (`id`)
) ENGINE=InnoDB AUTO_INCREMENT=9 DEFAULT CHARSET=utf8mb3;
/*!40101 SET character_set_client = @saved_cs_client */;

--
-- Dumping data for table `theme`
--

LOCK TABLES `theme` WRITE;
/*!40000 ALTER TABLE `theme` DISABLE KEYS */;
INSERT INTO `theme` VALUES (1,'#힐링'),(2,'#맛집탐방'),(3,'#액티비티'),(4,'#관광'),(5,'#sns'),(6,'#문화/예술/역사'),(7,'#로맨틱'),(8,'#기타');
/*!40000 ALTER TABLE `theme` ENABLE KEYS */;
UNLOCK TABLES;

--
-- Table structure for table `user`
--

DROP TABLE IF EXISTS `user`;
/*!40101 SET @saved_cs_client     = @@character_set_client */;
/*!50503 SET character_set_client = utf8mb4 */;
CREATE TABLE `user` (
  `id` varchar(100) NOT NULL,
  `password` varchar(255) NOT NULL,
  `nickname` varchar(100) DEFAULT NULL,
  `phone` varchar(13) DEFAULT NULL,
  `gender` varchar(1) DEFAULT NULL,
  `birth` date DEFAULT NULL,
  `email` varchar(100) DEFAULT NULL,
  `type` varchar(10) NOT NULL,
  `token` varchar(255) DEFAULT NULL,
  `img` varchar(255) DEFAULT NULL,
  `create_date` timestamp NOT NULL DEFAULT CURRENT_TIMESTAMP,
  `update_date` timestamp NOT NULL DEFAULT CURRENT_TIMESTAMP ON UPDATE CURRENT_TIMESTAMP,
  PRIMARY KEY (`id`)
) ENGINE=InnoDB DEFAULT CHARSET=utf8mb3;
/*!40101 SET character_set_client = @saved_cs_client */;

--
-- Dumping data for table `user`
--

LOCK TABLES `user` WRITE;
/*!40000 ALTER TABLE `user` DISABLE KEYS */;
INSERT INTO `user` VALUES ('admin','$2a$10$PQGQLsepgoNTifM2JAR3POx3vrOi4dfCPvoDjh6fFXg.9XZ5fiLny','admin','010-1234-1234','F','1999-11-11',NULL,'none',NULL,'admin.png','2022-01-19 09:16:10','2022-02-08 05:05:10'),('by','$2a$10$DYxH3kQ65sRyII4F7aejDOVGrG1sd2qxVg46v/otlvvucp1ZrlN6y','by','010-2222-2222','F','1999-11-11',NULL,'none',NULL,NULL,'2022-02-08 04:51:27','2022-02-08 04:51:27'),('by1','$2a$10$L.hncot/6GuGmV.zaBc63ex74q36UsqlMUpxCJHoHVIZxgrObG93u','by1','010-2222-2222','F','1999-11-11',NULL,'none',NULL,NULL,'2022-02-08 04:51:33','2022-02-08 04:51:33'),('by2','$2a$10$nexToEpSF3v5HzpED0e8X.7DmvE4jk71zRlXyrIl/U00v2HJBI3F2','by2','010-2222-2222','F','1999-11-11',NULL,'none',NULL,NULL,'2022-02-08 04:51:39','2022-02-08 04:51:39'),('by3','$2a$10$8nN2dZkKIfKLBVt3ab.Rtesy24f5a6CD7fU34OMp6iw/EQR1OBBYW','by3','010-2222-2222','F','1999-11-11',NULL,'none',NULL,NULL,'2022-02-08 04:51:47','2022-02-08 04:51:47'),('by4','$2a$10$g2SVMD5qKAljWFKgcxRDZuCcyN1mYhMXr7E8t1i0dfgP2srgYIM36','by4','010-2222-2222','F','1999-11-11',NULL,'none',NULL,NULL,'2022-02-08 04:51:53','2022-02-08 04:51:53'),('by5','$2a$10$RZUQjYKYUuiZRKc3WgmEI.oUmlb6ODx1ar/0JvGSvq0iFvs6tqYJi','by5','010-2222-2222','F','1999-11-11',NULL,'none',NULL,NULL,'2022-02-08 04:51:58','2022-02-08 04:51:58'),('sam','$2a$10$c04Ci6BpypajB6QnL64rSOmXNYsIazK4nyxhTxp6/gC.0CzuH6uVq','sam','010-2222-2222','F','1999-11-11',NULL,'none',NULL,NULL,'2022-02-08 04:52:12','2022-02-08 04:52:12'),('sam1','$2a$10$bHX63EG0EnrblSadpNC4Ueqo3vzW11x8ya0o9.cFmNx/szF3n2zbW','sam1','010-2222-2222','F','1999-11-11',NULL,'none',NULL,NULL,'2022-02-08 04:52:18','2022-02-08 04:52:18'),('sam2','$2a$10$SBmXG6b/cUDfXazaLKdoeeMubbC11qGXyIq21F0RWXMCYrH5IDSgy','sam2','010-2222-2222','F','1999-11-11',NULL,'none',NULL,NULL,'2022-02-08 04:52:26','2022-02-08 04:52:26'),('sam3','$2a$10$OC57lRmsVZPESpuMMXq9uuw9U2UTZAk4EgTNusxh9aEGit6osT5jO','sam3','010-2222-2222','F','1999-11-11',NULL,'none',NULL,NULL,'2022-02-08 04:52:34','2022-02-08 04:52:34'),('sam4','$2a$10$JoHqMzoJYO4nSfhc5S3Q/ORFJ9rAsPxnGV4coes015Gc8J0b3myz.','sam4','010-2222-2222','F','1999-11-11',NULL,'none',NULL,NULL,'2022-02-08 04:52:42','2022-02-08 04:52:42'),('sam5','$2a$10$CCqqadPZyoF//q07QiKsCecjzfTRlN7DqANTPXj6aVU24XOGS2OeC','sam5','010-2222-2222','F','1999-11-11',NULL,'none',NULL,NULL,'2022-02-08 04:52:48','2022-02-08 04:52:48'),('test','$2a$10$mEOY/E4B6blmSWGAcCJe3OrTZjpR.jzloBLHjfFe5EGrRAqhlMAA2','testnn','010-1111-1111','M','1999-11-11',NULL,'none',NULL,'test.png','2022-01-25 03:10:53','2022-02-08 04:50:25'),('test1','$2a$10$eTJ4kbOWld0fHJIr44UVzuaIoi3k9cgUNeq01Mh/uKyvDObJi2OxC','tes1','010-2222-2222','M','1999-11-11',NULL,'none',NULL,NULL,'2022-02-08 04:49:25','2022-02-08 04:49:25'),('test2','$2a$10$KIqIT5JExixdg/p7AGJ.ae8GS8j/urKRGHlzDs1RdMeynZZZM3VFu','tes2','010-2222-2222','M','1999-11-11',NULL,'none',NULL,NULL,'2022-02-08 04:50:48','2022-02-08 04:50:48'),('test3','$2a$10$0npoRpLt9w1wToQUdkmjDOJ2z2USikf5d8nDbrh5I07TqLSJIP1Iy','tes3','010-2222-2222','M','1999-11-11',NULL,'none',NULL,NULL,'2022-02-08 04:50:57','2022-02-08 04:50:57'),('test4','$2a$10$P7Sacj6iKfJ3jBTNrIl23OK.ja6Fn1kLkvyDm4YQk1w3GyC1Rb5xO','tes4','010-2222-2222','M','1999-11-11',NULL,'none',NULL,NULL,'2022-02-08 04:51:03','2022-02-08 04:51:03'),('test5','$2a$10$yKut0KjIOrSFSVu2bYLW0uJm8deW7KYypFrOU4M7HReFa69LW8vkm','tes5','010-2222-2222','M','1999-11-11',NULL,'none',NULL,NULL,'2022-02-08 04:51:09','2022-02-08 04:51:09');
/*!40000 ALTER TABLE `user` ENABLE KEYS */;
UNLOCK TABLES;

--
-- Table structure for table `userplan`
--

DROP TABLE IF EXISTS `userplan`;
/*!40101 SET @saved_cs_client     = @@character_set_client */;
/*!50503 SET character_set_client = utf8mb4 */;
CREATE TABLE `userplan` (
  `id` int NOT NULL AUTO_INCREMENT,
  `user_id` varchar(100) NOT NULL,
  `title` varchar(100) DEFAULT NULL,
  `description` varchar(255) DEFAULT NULL,
  `startDate` date NOT NULL,
  `endDate` date NOT NULL,
  `totalDate` varchar(20) NOT NULL,
  `isPublic` varchar(1) NOT NULL,
  `rate` double DEFAULT '0',
  `heartCnt` int DEFAULT NULL,
  `area_id` int NOT NULL,
  PRIMARY KEY (`id`),
  KEY `fk_user_userPlan_idx` (`user_id`),
  KEY `fk_area_userPlan_idx` (`area_id`),
  CONSTRAINT `fk_area_userPlan` FOREIGN KEY (`area_id`) REFERENCES `area` (`id`),
  CONSTRAINT `fk_user_userPlan` FOREIGN KEY (`user_id`) REFERENCES `user` (`id`)
) ENGINE=InnoDB AUTO_INCREMENT=49 DEFAULT CHARSET=utf8mb3;
/*!40101 SET character_set_client = @saved_cs_client */;

--
-- Dumping data for table `userplan`
--

LOCK TABLES `userplan` WRITE;
/*!40000 ALTER TABLE `userplan` DISABLE KEYS */;
INSERT INTO `userplan` VALUES (1,'admin','제주도 양구경하기','제주도 당일치기로 다녀올 수 있는 여행 경로 입니다. 제주 양떼목장에서는 양 뿐만아니라 염소, 말, 돼지 등 다양한 동물을 만날 수 있으며 목장카페와 같은 프로그램이 있어 다양한 체험을 원한다면 방문하기를 추천하는 관광지입니다. 한림항은 한림과 비앙도를 오가는 여객선이 있어 비양도에 마련된 산책로를 따라 걸어보는 것도 괜찮습니다.','2022-02-02','2022-02-02','1','T',0,0,1),(2,'admin','청수마을 탐방기',NULL,'2022-02-02','2022-02-02','1','T',0,0,1),(3,'admin','농촌마을에서 체험한마당',NULL,'2022-02-02','2022-02-02','1','T',0,0,1),(4,'admin','숲길따라 걸어보기','제주도에서 트래킹을 즐기고 싶다면 추천하는 여행경로 입니다. 특히 사려니숲길은 많은 여행객들이 찾는 제주의 숨은 비경 중 하나입니다. 지금은 숲보호를 위해 물찻오름의 탐방은 제한되었지만 운이 좋다면 에코힐링 행사로 탐방하실 수 도 있습니다.  제주돌문화공원은 제주의 역사와 전통 자연미를 함께 느낄 수 있는 자연과 문화의 쉼터입니다. 특히 공원 입구에서부터 주변 전망이 시원하기 때문에 상쾌한 여행이 될 것입니다.','2022-02-02','2022-02-02','1','T',0,0,1),(5,'admin','말 한번 타보시겠습니까?',NULL,'2022-02-02','2022-02-02','1','T',0,0,1),(6,'admin','우도 한번 갔다와 보세요',NULL,'2022-02-02','2022-02-02','1','T',0,0,1),(7,'admin','수목원에서 함께 광합성','간단하게 제주도에서 힐링하고 싶다면 추천하는 여행경로 입니다. 용두암은 용의 머리를 닮은 바위를 구경할 수 있는 곳으로 해안도로를 따라 가볍게 걸어보면 다양한 카페나 식당을 맞이 할 수 있습니다. 컴퓨터의 발전과 게임의 역사를 직접적으로 체험할 수 있는 넥슨컴퓨터박물관과 멸종위기 보호야생식물을 볼 수 있는 한라수목원도 추천할만한 관광지입니다. 특히 거리가 가까워서 따로 차량이 없어도 여행하는데 문제가 없습니다.','2022-02-02','2022-02-02','1','T',0,0,1),(8,'admin','비자림에서 함께 힐링',NULL,'2022-02-02','2022-02-02','1','T',0,0,1),(9,'admin','해변따라 모래따라',NULL,'2022-02-02','2022-02-02','1','T',0,0,1),(10,'admin','커피한잔의 여유','가볍게 산책하듯이 제주도를 여행할 수 있는 여행경로입니다. 성산포성당은 독특한 외관과 뛰어난 경치를 가지고 있어서 주변 올레길에서 많은 여행객이 쉬어가는 관광지입니다. 커피박물관도 큰 규모와 커피와 관련된 체험도 가능하기에 인기있는 관광지입니다. 가장 추천하는 곳은 섭지코지입니다. 많은 영화에서도 등장한 장소인만큼 인기가 많고 해안절경이 아름다워 꼭 한번 방문해보기를 추천합니다.','2022-02-02','2022-02-02','1','T',0,0,1),(11,'admin','제주도 돌하르방 문화 탐방기',NULL,'2022-02-02','2022-02-02','1','T',0,0,1),(12,'admin','세계 자동차&피아노 ',NULL,'2022-02-02','2022-02-02','1','T',0,0,1),(13,'admin','제주도에서 공룡을 구경하실 수 있습니다.','제주도에서 공룡을 보고싶지는 않으신가요? 그렇다면 공룡을 테마로 한 제주공룡랜드를 방문해보기를 추천합니다. 대략 200여마리의 공룡 표본이 전시되어 있고 컴퓨터 그래픽을 활용한 복원데이터와 공룡관련 체험관들이 있어 공룡에 대해 알아가기에 좋은 관광지입니다. ','2022-02-02','2022-02-02','1','T',0,0,1),(14,'admin','환상의 테마파크로 오세요',NULL,'2022-02-02','2022-02-02','1','T',0,0,1),(15,'admin','향기로운 동백나무 수목원',NULL,'2022-02-02','2022-02-02','1','T',0,0,1),(16,'admin','산지천 당일치기 따라잡기','제주 공항주변을 간단하게 둘러볼 수 있는 여행경로 입니다. 용의 머리형상을 한 바위를 볼 수 있는 용두암은 제주 사람들도 많이 찾는 관광지로 해안도로를 따라 걸으면서 제주 바다를 볼 수 있습니다. 산지천은 하천을 따라 산책가능한 관광지로 공원과 음악 분수대를 구경할 수 있고 운이 좋다면 매년 여름과 겨울에 문화행사 및 공연을 즐길 수 있습니다.','2022-02-02','2022-02-02','1','T',0,0,1),(17,'admin','제주도 등대 탐방',NULL,'2022-02-02','2022-02-02','1','T',0,0,1),(18,'admin','제주도 차 생산지대 방문기',NULL,'2022-02-02','2022-02-02','1','T',0,0,1),(19,'admin','양과 함께하는 1박2일 제주',NULL,'2022-02-02','2022-02-02','2','T',0,0,1),(20,'admin','이중섭 문화거리 따라',NULL,'2022-02-02','2022-02-02','2','T',0,0,1),(21,'admin','1박2일 말체험 한마당',NULL,'2022-02-02','2022-02-02','2','T',0,0,1),(22,'admin','승마와 카약을 한번에 즐기는 여행',NULL,'2022-02-02','2022-02-02','2','T',0,0,1),(23,'admin','제주도 1박2일 힐링모험',NULL,'2022-02-02','2022-02-02','2','T',0,0,1),(24,'admin','제주 생태여행기',NULL,'2022-02-02','2022-02-02','2','T',0,0,1),(25,'admin','제주 해녀문화는 어떠세요?',NULL,'2022-02-02','2022-02-02','2','T',0,0,1),(26,'admin','문화탐방 1박2일 여행',NULL,'2022-02-02','2022-02-02','2','T',0,0,1),(27,'admin','sns에서 핫한 수목원 방문하기',NULL,'2022-02-02','2022-02-02','2','T',0,0,1),(28,'admin','귤로 유명한 인디고트리는 어떠세요?',NULL,'2022-02-02','2022-02-02','2','T',0,0,1),(29,'admin','제주도 정복 1박2일 여행기',NULL,'2022-02-02','2022-02-02','2','T',0,0,1),(30,'admin','생태 관광 1박 2일',NULL,'2022-02-02','2022-02-02','2','T',0,0,1),(31,'admin','유명여행지를 모두 가고싶다면?','다양한 농촌 체험 프로그램이 존재하는 동광리 마을을 시작으로 제주도 식수를 담당한 정물오름을 구경할 수 있습니다. 사진찍는 취미를 가지고 있다면 세천포구와 쇠소깍을 관광하는 것도 좋은 선택입니다. 제주도 특산품인 귤로 만든 에이드와 차를 즐길 수 있는 인디고트리에서는 개성넘치는 의류나 소품을 구경할 수 있고 제주도 감성을 느끼며 쉬어 갈 수 있습니다. 짧은 기간이지만 제주도 감성을 느끼고 싶다면 추천하는 여행 경로입니다.','2022-02-02','2022-02-02','3','T',0,0,1),(32,'admin','우도와 승마 두마리 토끼를 한번에','제주도에서 활동적인 여행을 즐기고 싶다면 이 여행 경로를 추천합니다. 제주도 하면 유명한 승마체험 뿐만아니라 맑고 투명한 바닷물 속 물고기까지 만날 수 있는 투명카약은 강력 추천하는 관광입니다. 우도 또한 많은 관광객들이 찾는 제주의 대표적은 부속섬으로 다양한 구경거리가 있고 낚시가 취미라면 낚시또한 즐길 수도 있습니다. 이외에도 만장굴이나 비자림은 제주도 분위기를 만끽하고 자연속에서 힐링할 수 있는 관광지입니다.','2022-02-02','2022-02-02','3','T',0,0,1),(33,'admin','2박3일 제주힐링 여행기','일상생활에 지쳐 여행을 떠나고 싶다면 이 여행경로를 추천합니다. 멸종위기 보호야생식물의 보전기관인 한라수목원과 천연기념물로 지정된 제주 순혈 조랑말이 뛰어다니는 마방목지는 말그대로 자연을 느끼기에 충분하다고 생각합니다. 뿐만아니라 자연생태계의 다양한 모습을 체험할 수 있는 한라생태숲은 많은 이들에게 사랑받은 트래킹 코스가 있고 사전예약을 통해 숲체험 프로그램또한 즐길 수 있습니다.','2022-02-02','2022-02-02','3','T',0,0,1),(34,'admin','제주의 모든 문화를 경험해보실 수 있습니다.','제주도의 문화는 한번에 경험할 수 있는 여행 경로 입니다. 제주도 사람도 찾아간다는 서커스월드공연장과 좀 처럼 보기 힘든 명품 자동차들을 구경할 수 있는 세계 자동차&피아노 박물관을 방문하기를 추천합니다. 뿐만아니라 국대 최대의 아쿠아리움인 아쿠아플라넷에서 450여종의 생물을 구경할 수 있으며 해녀박물관 에서 끈질길 생명력과 강인한 개척정신이 투영된 제주 해녀의 삶을 경험할 수 있습니다. ','2022-02-02','2022-02-02','3','T',0,0,1),(35,'admin','제주도 sns 여행기는 어떠세요?','다양한 sns 인기 관광지를 주로 경험해 보실 수 있는 여행경로 입니다. 자연경관이 매우 아름다운 화순금모래 해변과 새연교의 멋진 풍경을 즐길 수 있는 새섬공원은 그 자체로도 아름다워 sns에 담기에 좋습니다. 그리고 제주의 귤창고를 개조한 카페인 인디고트리는 투박한 제주 건물의 느낌과 제주도 감성을 느낄 수 있어 많은 관광객들에게 사랑받는 관광지입니다. 멋진 제주풍경을 담고 싶다면 분명 만족할 여행일 것입니다.','2022-02-02','2022-02-02','3','T',0,0,1),(36,'admin','제주 여행하면 어긴 빠질 수 없지','제주도 관광명소를 방문하고 싶은 당신. 이 여행경로를 추천합니다. 제주 서광다원은 국내 최대 차 생산지로 유명하고 금능석물원은 제주 석물의 진수를 감상할 수 있는 관광지입니다. 제주 아홉굿 마을은 올레길 13코스 중간지점에 위치한 마을로 땅이 좋아 작물이 맛있기로 유명합니다. 그렇기에 아홉굿 마을에서 다양한 먹거리와 관련된 체험거리를 경험할 수 있습니다. 그외에도 생각하는 정원이나 녹차미로공원같은 전망좋은 관광지를 관광해보는 것도 추천합니다.','2022-02-02','2022-02-02','3','T',0,0,1),(37,'admin','제주도 로맨틱 관광지를 원한다면 여기로!',NULL,'2022-02-02','2022-02-02','4','T',0,0,1),(38,'admin','빠질 수 없는 제주 승마를 즐기러',NULL,'2022-02-02','2022-02-02','4','T',0,0,1),(39,'admin','지친 심신을 달랠 제주도 여행',NULL,'2022-02-02','2022-02-02','4','T',0,0,1),(40,'admin','제주도 문화를 한번에 경험할 수 있는 여행',NULL,'2022-02-02','2022-02-02','4','T',0,0,1),(41,'admin','제주도 여행에서 sns 사진을 남기는 방법',NULL,'2022-02-02','2022-02-02','4','T',0,0,1),(42,'admin','제주도 여행하면 빠질 수 없는 관광지',NULL,'2022-02-02','2022-02-02','4','T',0,0,1),(43,'admin','양떼 구경하고 제주마 구경하러 가자',NULL,'2022-02-02','2022-02-02','5','T',0,0,1),(44,'admin','활동적인 제주여행을 즐기고 싶다면',NULL,'2022-02-02','2022-02-02','5','T',0,0,1),(45,'admin','4박5일 알찬 힐링 제주도여행',NULL,'2022-02-02','2022-02-02','5','T',0,0,1),(46,'admin','살아있는 제주 문화 체험기',NULL,'2022-02-02','2022-02-02','5','T',0,0,1),(47,'admin','제주도도 가고 sns 사진도 찍고',NULL,'2022-02-02','2022-02-02','5','T',0,0,1),(48,'admin','모든 곳을 관광할 수 있는 제주도 4박 5일여행',NULL,'2022-02-02','2022-02-02','5','T',0,0,1);
/*!40000 ALTER TABLE `userplan` ENABLE KEYS */;
UNLOCK TABLES;
/*!40103 SET TIME_ZONE=@OLD_TIME_ZONE */;

/*!40101 SET SQL_MODE=@OLD_SQL_MODE */;
/*!40014 SET FOREIGN_KEY_CHECKS=@OLD_FOREIGN_KEY_CHECKS */;
/*!40014 SET UNIQUE_CHECKS=@OLD_UNIQUE_CHECKS */;
/*!40101 SET CHARACTER_SET_CLIENT=@OLD_CHARACTER_SET_CLIENT */;
/*!40101 SET CHARACTER_SET_RESULTS=@OLD_CHARACTER_SET_RESULTS */;
/*!40101 SET COLLATION_CONNECTION=@OLD_COLLATION_CONNECTION */;
/*!40111 SET SQL_NOTES=@OLD_SQL_NOTES */;

-- Dump completed on 2022-02-16 13:45:42
